{"format_version":"1.8.0","animations":{"animation.mp7.draw":{"loop":true,"animation_length":1.5,"bones":{"main":{"rotation":{"0.0":[0.43568, -42.55892, 23.49116],"0.4":[1.04287, -5.89047, -5.04458],"0.6":[0.94183, -7.92792, -12.76619],"0.7":[0.52178, -6.96631, -9.72814],"0.8":[-0.00178, -8.97717, -6.70897],"1.0":[-0.05202, -0.1612, 11.66647],"1.2":[0, 0, 0]},"position":{"0.0":[1.6, -17, 4.8],"0.3":[0, -2.2, -4.3],"0.7":[0, -2.2, -4.3],"1.0":[0, -0.28, -4.86],"1.1":[0, 0, 0]}},"action":{"rotation":{"0.0":[90, 0, 0],"0.6":[90, 0, 0],"0.9":[0, 0, 0]},"position":{"0.0":[0, 0, 0],"0.6":[0, 0, 0]}},"lefthand":{"rotation":{"0.0":[6.02356, 25.48714, -5.44365],"0.6":[6.02356, 25.48714, -5.44365],"0.7":[5.62461, 21.5898, -1.09032],"0.9":[0, 0, 0]},"position":{"0.0":[9.1, -7.5, -2.8],"0.6":[9.1, -7.5, -2.8],"0.7":[6.07, -11.2, -1.17],"0.8":[3.03, -8.6, 0.62],"0.9":[0, 0, 0]}}}},"animation.mp7.inspect":{"loop":true,"animation_length":4.1,"bones":{"main":{"rotation":{"0.0":[0, 0, 5],"0.3":[-18.21404, -24.78191, -36.44431],"0.4":[-17.77181, -25.09082, -37.49318],"0.6":[-18.72587, -24.4063, -35.2124],"0.7":[-18.18829, -24.79718, -36.50267],"0.9":[-18.99223, -23.51073, -34.48085],"1.1":[-18.50456, -24.02258, -35.70051],"1.3":[-19.6747, -22.19801, -32.90885],"1.4":[-18.94944, -22.34409, -34.68824],"1.5":[-18.07339, -23.83163, -36.786],"1.9":[-27.05025, -2.11566, 76.63715],"2.0":[-27.10188, -1.20524, 78.41869],"2.2":[-27.03692, -2.26706, 76.33991],"2.3":[-27.07196, -1.75154, 77.34981],"2.5":[-26.97862, -4.08636, 74.97046],"2.6":[-26.98885, -3.80483, 75.20856],"2.8":[-25.89581, -3.10612, 73.74349],"3.0":[-26.31909, -3.94486, 72.49875],"3.2":[-26.79708, -4.38082, 72.17221],"3.4":[-14.14473, -2.93676, 56.83879],"3.6":[0, 0, 0]},"position":{"0.0":[0, 0, 0],"0.2":[-4.4, -6.4, -10.8],"0.4":[-4.7, -5.5, -10.8],"0.8":[-4.33, -5.5, -10.8],"1.2":[-5.27, -5.8, -10.8],"1.5":[-4.4, -5.5, -10.8],"1.7":[-3, -10.8, -7.3],"2.0":[-2.8, -8.3, -7.3],"2.2":[-3.13, -8.3, -7.3],"3.2":[-3, -8.3, -7.3],"3.3":[-1.5, -9.05, -9.85],"3.4":[-1, -6.03, -9.67],"3.6":[0, 0, 0]}},"lefthand":{"rotation":{"0.0":[0, 0, 0],"0.1":[9.39507, -14.85954, -2.14092],"0.3":[11.42766, -23.62372, 23.50144],"1.5":[11.42766, -23.62372, 23.50144],"1.8":[9.94274, 12.66135, -36.31774],"3.2":[9.94274, 12.66135, -36.31774],"3.6":[0, 0, 0]},"position":{"0.0":[0, 0, 0],"0.1":[4.7, -4.4, 4.9],"0.3":[7.6, -5.4, 49.5],"1.5":[7.6, -5.4, 49.5],"1.8":[13, 16, -0.8],"3.2":[13, 16, -0.8],"3.6":[0, 0, 0]}}},"sound_effects":{"0.0":{"effect":"gun_unrest"},"1.5":{"effect":"gun_foley2"},"3.2":{"effect":"gun_rest"}}},"animation.mp7.load":{"loop":true,"animation_length":3.9,"bones":{"main":{"rotation":{"0.0":[0, 0, 6],"0.2":[0.20198, -6.43725, -4.86485],"0.4":[-0.69825, -4.86174, 4.05646],"0.6":[-0.46276, -7.06214, -0.7653],"0.8":[-2.32872, -7.49604, 4.84468],"1.0":[-4.00189, -7.33866, 2.30097],"1.2":[-5.72452, -10.43746, -7.74765],"1.4":[-10.88954, -15.69586, -18.12313],"1.8":[-11.54353, -22.18071, -24.15383],"1.9":[-13.10357, -21.32657, -19.94627],"2.1":[-12.33316, -21.76694, -22.04379],"2.2":[-11.46421, -21.2008, -24.36845],"2.3":[-10.58325, -20.36905, -15.7903],"2.4":[-9.84543, -20.72375, -17.89233],"2.5":[-11.15337, -19.80379, -12.65575],"2.6":[-12.37852, -18.80811, -7.46113],"2.8":[-6.5482, -5.38117, 12.72894],"2.9":[-6.90615, -4.91241, 16.71748],"3.0":[-6.53092, -4.50458, 11.61781],"3.2":[-6.26852, -3.11001, 22.55437],"3.5":[-2.19678, -2.96049, 13.59247],"3.8":[0, 0, 0]},"position":{"0.0":[0, 0, 0],"0.5":[-2.9, -0.4, 2],"0.7":[-2.2, -0.5, 2],"0.9":[-2.4, -0.5, 2],"1.1":[-2.2, -0.4, 1.95],"1.3":[-3.1, 0, 1.85],"1.4":[-2.9, 0, 2.35],"1.5":[-2.7, 0, 1.85],"1.7":[-4.9, 0.5, 1.15],"1.9":[-4.9, 3.2, -1.05],"2.0":[-4.6, 5.1, -1.05],"2.2":[-4.6, 4.6, -1.05],"2.3":[-4, 1.4, -1.05],"2.5":[-4, 0.8, -1.05],"2.8":[1.4, -1.1, 4.7],"3.0":[1.4, -1.1, 4.7],"3.1":[1.4, -1.1, 2.3],"3.2":[1.4, -1.1, 4.8],"3.4":[-0.23, -2.07, 4],"3.6":[0, 0, 3.2],"3.7":[0, 0, 0]}},"magazine":{"rotation":{"0.0":[0, 0, 0],"1.0":[0, 0, 0],"1.2":[1.5, 0, 6.5],"1.4":[-19, 0, 13],"1.5":[-19.06834, 2.51008, 11.07621],"1.6":[-19.01177, 2.21656, 13.29411],"2.0":[-7.79152, -2.37341, -11.26692],"2.1":[0, 0, 0],"2.2":[0, 0, 0],"2.3":[0, 0, 0]},"position":{"0.0":[15, -15, 34],"1.0":[15, -15, 34],"1.2":[12, -12.6, 8.5],"1.4":[9, -1.5, -5],"1.6":[9, -1, -5],"1.8":[4.03, -12.71, -1.47],"1.9":[3.18, -13.49, -0.56],"2.0":[2.32, -11.37, -1.14],"2.1":[0, -9.1, -0.2],"2.2":[0, -8.1, -0.1],"2.3":[0, 0, 0]}},"lefthand":{"rotation":{"0.0":[0, 0, 0],"0.3":[-13.53132, -32.5957, 2.31732],"1.0":[-13.53132, -32.5957, 2.31732],"1.2":[-10.28431, -37.37325, 15.10446],"1.4":[-4.39164, -19.93192, 21.44217],"1.5":[-3.39164, -19.93192, 21.44217],"1.6":[-4.39164, -19.93192, 21.44217],"1.8":[-4.50087, -29.82209, 19.9583],"1.9":[-4.46758, -30.07313, 14.86513],"2.0":[-2.46377, -27.10608, 15.30861],"2.1":[-1.46377, -27.10608, 15.30861],"2.2":[-1.45517, -26.12618, 15.50829],"2.3":[3.3117, -10.5094, 28.98402],"2.6":[3.3117, -10.5094, 28.98402],"2.9":[-2.24602, 10.76532, -27.17864],"3.3":[-2.24602, 10.76532, -27.17864],"3.6":[0, 0, 0]},"position":{"0.0":[0, 0, 0],"0.3":[4.8, -4.9, 24],"1.0":[4.8, -4.9, 60],"1.2":[3.3, -0.5, 35.7],"1.4":[3.4, -2, 22.2],"1.5":[4.2, -1.8, 22.3],"1.6":[3.2, -1.7, 22.3],"1.8":[-0.9, -6.4, 25.7],"1.9":[-2.2, -6.4, 26.4],"2.0":[-1.7, -6, 26.4],"2.1":[-3.8, -4, 26.4],"2.2":[-3.8, -3.9, 26.4],"2.3":[-3.8, -7.1, 23.9],"2.6":[-3.8, -7.1, 23.9],"2.9":[8, 5.4, 3.1],"3.3":[8, 5.4, 3.1],"3.6":[0, 0, 0]}},"righthand":{"rotation":{"0.0":[0, 0, 0],"0.3":[-2.96085, 3.65898, 17.85441],"2.5":[-2.96085, 3.65898, 17.85441],"2.7":[-3.14189, 2.3444, 11.94311],"2.9":[-5.41514, 3.70557, 20.84398],"3.0":[-5.41514, 3.70557, 20.84398],"3.1":[-5.47165, 2.49413, 25.15008],"3.2":[-5.41514, 3.70557, 20.84398],"3.5":[0, 0, 0]},"position":{"0.0":[0, 0, 0],"0.3":[-1.2, 0.4, -0.1],"2.5":[-1.2, 0.4, -0.1],"2.7":[-1.2, -2.2, -0.1],"2.9":[-1.2, -1.4, -4.9],"3.0":[-1.2, -1.4, -4.9],"3.1":[-1.2, -1.4, -4.9],"3.2":[-1.2, -1.4, -4.9],"3.5":[0, 0, 0]}}},"sound_effects":{"0.0":{"effect":"gun_foley"},"2.0":{"effect":"pistolmag_touchgun"},"2.1":{"effect":"pistolmag_insert"},"2.9":{"effect":"pistolmag_touchgun"},"3.0":{"effect":"bolt_press"},"3.2":{"effect":"gun_rest"}}},"animation.mp7.unload":{"loop":true,"animation_length":3.3,"bones":{"main":{"rotation":{"0.0":[0, 0, 6],"0.1":[-2.68839, -4.6532, 1.42593],"0.2":[-7.53871, -12.72056, -9.02636],"0.3":[-9.14147, -22.42999, -33.75592],"0.4":[-13.1304, -21.5494, -28.44758],"0.5":[-13.92252, -20.66111, -24.82001],"0.6":[-10.14147, -22.42999, -33.75592],"0.7":[-6.58029, -19.71193, -29.95047],"0.8":[-8.29944, -18.80525, -24.74162],"0.9":[-9.2181, -19.28557, -25.21841],"1.0":[-10.52029, -16.67266, -17.6627],"1.1":[-6.98707, -10.29376, -8.17318],"1.2":[0.20198, -6.43725, -4.86485],"1.4":[-0.69825, -4.86174, 4.05646],"1.6":[-0.46276, -7.06214, -0.7653],"1.8":[-2.32872, -7.49604, 4.84468],"2.0":[-4.00189, -7.33866, 2.30097],"2.2":[-5.35356, -5.85623, -1.36529],"2.3":[-7.02535, -5.404, 0.60468],"2.4":[-9.13623, -5.83141, -3.39201],"2.5":[-12.32986, -5.44177, -1.4208],"2.6":[-1.93028, -5.54718, 4.64167],"2.7":[-2.3382, -5.71845, -1.38502],"2.8":[-2.82877, -5.49293, 3.63391],"3.0":[0, 0, 0]},"position":{"0.0":[0, 0, 0],"0.1":[-1.5, 1, 1.55],"0.3":[-5.2, 2, -0.7],"0.4":[-6, 2.5, -0.2],"0.6":[-5.2, 0.2, -0.7],"0.8":[-5.1, 1.4, -0.7],"1.0":[-4.4, 1.4, -0.7],"1.3":[-2.1, -0.3, -1],"1.5":[-2.9, -0.4, -1],"1.7":[-2.2, -0.5, -1],"1.9":[-2.4, -0.5, -1],"2.1":[-2.2, -0.4, 1.95],"2.2":[-0.7, -0.3, 4.7],"2.3":[0.2, -0.3, 4.55],"2.4":[-0.2, -0.3, 5.6],"2.5":[-0.2, -0.3, 9.2],"2.6":[0, -0.3, 3.3],"2.7":[0, -0.3, 5.2],"2.8":[-0.5, -0.3, 4.2],"3.0":[0, 0, 0]}},"magazine":{"rotation":{"0.0":[0, 0, 0],"0.4":[0, 0, 0],"0.7":[0, 0, 0],"0.9":[29, 0, 0]},"position":{"0.0":[0, 0, 0],"0.4":[0, 0, 0],"0.7":[0, -14.1, 2.6],"0.9":[0, -28.2, 26]}},"lefthand":{"rotation":{"0.0":[0, 0, 0],"0.2":[11.43606, -20.92453, 20.91704],"0.3":[10.71814, -14.42125, 16.06132],"0.4":[11.43606, -20.92453, 20.91704],