{"format_version":"1.8.0","animations":{"animation.mpx.draw":{"loop":true,"animation_length":1.8,"bones":{"main":{"rotation":{"0.0":[-10.34624, -55.69508, 39.45681],"0.2":[-11.52965, -37.54657, 38.71475],"0.3":[-7.52704, -23.3959, 37.0591],"0.4":[-1.39505, -10.05078, 25.85893],"0.5":[-1.07809, -8.43714, 30.39928],"0.6":[-0.02595, -9.00628, 23.82663],"0.7":[-1.0993, -6.20513, 25.57548],"0.9":[0.16187, -1.79199, 1.59681],"1.0":[0, 0, 0]},"position":{"0.0":[-6, -14.1, -3.3],"0.1":[-1.5, -10.03, -4.7],"0.4":[-1.5, -3.5, -4.5],"0.6":[-0.5, -3.5, -5.4],"0.7":[-0.5, -1.75, -4.13],"0.8":[-0.6, -0.87, -2.07],"1.0":[0, 0, 0]}},"lefthand":{"rotation":{"0.0":[0, 0, 0],"0.3":[-32.2971, 61.17609, -71.37479],"0.4":[8.37412, 48.92571, -30.93456],"0.6":[8.37412, 48.92571, -30.93456],"0.8":[-3.79781, 25.59732, -28.46226],"0.9":[-1.69444, 11.3315, -14.33264],"1.0":[0, 0, 0]},"position":{"0.0":[0, 0, 0],"0.3":[21, 12.09, 18.18],"0.4":[20, 12.09, 17.28],"0.6":[20, 12.09, 17.28],"0.7":[28.35, 6.39, 14.96],"0.8":[22.7, 2.68, 14.64],"1.0":[0, 0, 0]}}}},"animation.mpx.inspect":{"loop":true,"animation_length":4.3,"bones":{"main":{"rotation":{"0.0":[0, 0, 5],"0.3":[-18.21404, -24.78191, -36.44431],"0.4":[-17.77181, -25.09082, -37.49318],"0.6":[-18.72587, -24.4063, -35.2124],"0.7":[-18.18829, -24.79718, -36.50267],"0.9":[-18.99223, -23.51073, -34.48085],"1.0":[-19.16169, -23.44182, -34.05855],"1.1":[-18.50456, -24.02258, -35.70051],"1.3":[-19.6747, -22.19801, -32.90885],"1.4":[-18.94944, -22.34409, -34.68824],"1.5":[-18.07339, -23.83163, -36.786],"1.9":[-27.05025, -2.11566, 76.63715],"2.0":[-27.10188, -1.20524, 78.41869],"2.2":[-27.03692, -2.26706, 76.33991],"2.3":[-27.07196, -1.75154, 77.34981],"2.5":[-26.97862, -4.08636, 74.97046],"2.6":[-26.98885, -3.80483, 75.20856],"2.8":[-25.89581, -3.10612, 73.74349],"3.0":[-26.31909, -3.94486, 72.49875],"3.2":[-26.79708, -4.38082, 72.17221],"3.5":[-0.04065, -0.16443, 7.66646],"3.7":[0, 0, -2],"3.8":[0, 0, 0]},"position":{"0.0":[0, 0, 0],"0.2":[-4.4, -6.4, -10.8],"0.4":[-4.7, -5.5, -10.8],"0.8":[-4.33, -5.5, -10.8],"1.2":[-4.27, -5.8, -10.8],"1.5":[-4.4, -5.5, -10.8],"1.7":[-3, -10.8, -7.3],"2.0":[-2.8, -8.3, -7.3],"2.2":[-3.13, -8.3, -7.3],"3.2":[-3, -8.3, -7.3],"3.5":[0, -0.28, -4.86],"3.6":[0, 0, 0]}},"lefthand":{"rotation":{"0.0":[0, 0, 0],"0.1":[9.39507, -14.85954, -2.14092],"0.3":[11.42766, -23.62372, 23.50144],"1.5":[11.42766, -23.62372, 23.50144],"1.8":[9.94274, 12.66135, -36.31774],"3.2":[9.94274, 12.66135, -36.31774],"3.5":[0, 0, 0]},"position":{"0.0":[0, 0, 0],"0.1":[4.7, -4.4, 4.9],"0.3":[7.6, -5.4, 49.5],"1.5":[7.6, -5.4, 49.5],"1.8":[13, 16, -0.8],"3.2":[13, 16, -0.8],"3.5":[0, 0, 0]}}},"sound_effects":{"0.0":{"effect":"gun_unrest"},"1.5":{"effect":"gun_foley2"},"3.2":{"effect":"gun_rest"}}},"animation.mpx.reload":{"loop":true,"animation_length":3.5,"bones":{"magazine":{"rotation":{"0.0":[0, 0, 0],"0.5":[0, 0, 0],"0.6":[0.13019, -1.24529, -11.93615],"1.0":[8.1527, -1.34736, -12.93118],"1.5":[8.1527, -1.34736, -12.93118],"1.8":[0, 0, 0],"2.0":[-10, 0, 0],"2.1":[0, 0, 0],"2.2":[0, 0, 0],"2.3":[0, 0, 0],"2.4":[0, 0, 0]},"position":{"0.0":[0, 0, 0],"0.5":[0, 0, 0],"0.6":[1.7, -9.3, 0],"1.0":[8.8, -26, 8.9],"1.5":[8.8, -26, 8.9],"1.8":[0, -28, 0],"2.0":[0, -6.6, -2.4],"2.1":[0, -5.4, 0],"2.2":[0, -5.5, 0],"2.3":[0, -3.5, 0],"2.4":[0, 0, 0]}},"main":{"rotation":{"0.0":[0, 0, 5],"0.1":[-0.02294, -1.66383, -1.33745],"0.2":[0.3142, -3.98354, -12.01366],"0.3":[1.3782, -3.87293, -13.01445],"0.4":[1.03516, -4.99573, -8.00458],"0.6":[4.53103, -3.31565, 0.08171],"0.7":[5.63813, -2.65704, -1.85592],"0.8":[4.06103, -4.76266, 6.00443],"0.9":[4.1731, -3.69437, 5.07625],"1.1":[4.15636, -2.77914, 6.79435],"1.3":[4.26738, -1.48797, 2.87603],"1.5":[-2.0715, -2.89584, -27.52268],"1.7":[-5.38576, -5.27849, -38.21082],"1.8":[-5.86152, -5.92002, -35.05313],"2.0":[-5.61067, -7.16864, -37.96491],"2.1":[-6.05044, -5.76673, -34.06256],"2.2":[-5.63412, -6.17406, -38.06349],"2.3":[-5.93935, -4.87663, -35.16625],"2.4":[-6.0719, -6.72768, -43.06445],"2.5":[-6.30268, -6.5121, -41.06275],"2.6":[-6.84488, -5.93932, -36.06616],"2.7":[-7.04721, -5.69743, -34.07056],"2.8":[-5.70984, -5.37335, -27.99896],"2.9":[-5.07283, -2.03396, -12.15376],"3.0":[-2.99388, 0.12739, 4.3745],"3.1":[0, 0, 8],"3.2":[0, 0, 5]},"position":{"0.0":[0, 0, 0],"0.2":[-0.5, -0.13, -1.1],"0.4":[-1.5, 0, 0.8],"0.5":[-1.2, 0, 0.4],"0.6":[-0.9, -1.7, 0],"0.8":[-1.9, -1, 0],"1.0":[-2.2, -1, 0],"1.2":[-2.2, -0.9, 0],"1.6":[-3.1, -2.9, -2.1],"1.9":[-3.2, -2.7, -0.1],"2.0":[-3.2, -2.7, -0.1],"2.2":[-3.3, -2.3, -0.1],"2.3":[-3.5, -1.8, -0.1],"2.4":[-4.4, -1.4, -0.1],"2.5":[-3.4, -1.9, -0.1],"2.7":[-3.45, -2.95, -0.1],"2.9":[-2.3, -1.1, -4.17],"3.0":[-0.92, -0.82, -5.53],"3.1":[0, 0, 0],"3.2":[0, 0, 0]}},"lefthand":{"rotation":{"0.0":[0, 0, 0],"0.1":[3.56672, -19.43065, 0.27649],"0.2":[15.90744, -18.50135, 22.85154],"0.5":[15.90744, -18.50135, 22.85154],"0.6":[13.33116, -18.43672, 2.17415],"1.1":[14.0522, -38.88546, -6.01585],"1.8":[6.08809, -25.21149, 11.60842],"2.0":[11.94056, -14.07765, 6.07945],"2.1":[11.79197, -16.89562, 5.03958],"2.2":[11.94056, -14.07765, 6.07945],"2.3":[13.27053, -13.40571, 12.85365],"2.4":[14.28535, -14.36008, 17.93481],"2.6":[14.28535, -14.36008, 17.93481],"2.8":[2.0101, -5.79435, 10.21071],"3.1":[0, 0, 0]},"position":{"0.0":[0, 0, 0],"0.1":[-1.5, -1.7, 8.9],"0.2":[-0.3, -6.4, 17.6],"0.5":[-0.3, -6.4, 14.6],"0.6":[1.3, -10.5, 14.6],"1.1":[3.3, -14.8, 29.8],"1.8":[-5, -30.5, 16.5],"2.0":[-0.1, -9.9, 13],"2.1":[-1, -9.5, 14.6],"2.2":[-1, -10.9, 14.6],"2.3":[-0.1, -10.9, 14.6],"2.4":[0.2, -8, 14.6],"2.6":[0.2, -8, 14.6],"2.8":[4.4, -10.2, 31.2],"2.9":[4.63, -6.8, 20.8],"3.0":[3.41, -3.4, 10.4],"3.1":[0, 0, 0]}}},"sound_effects":{"0.0":{"effect":"gun_unrest"},"0.4":{"effect":"smallmag_unload"},"0.5":{"effect":"gun_foley"},"2.0":{"effect":"pistolmag_touchgun"},"2.2":{"effect":"smallmag_insert"},"2.6":{"effect":"gun_rest"}}},"animation.mpx.load":{"loop":true,"animation_length":3.8,"bones":{"magazine":{"rotation":{"1.2":[0, 0, 0],"1.4":[-10, 0, 0],"1.5":[0, 0, 0],"1.6":[0, 0, 0],"1.7":[0, 0, 0],"1.8":[0, 0, 0]},"position":{"0.0":[17, -13, 28],"1.2":[0, -28, 0],"1.4":[0, -6.6, -2.4],"1.5":[0, -5.4, 0],"1.6":[0, -5.5, 0],"1.7":[0, -3.5, 0],"1.8":[0, 0, 0]}},"main":{"rotation":{"0.0":[0, 0, 5],"0.2":[4.00547, -2.99269, 9.79054],"0.4":[4.15347, -1.78177, 6.86686],"0.5":[3.29023, -1.59342, 8.37638],"0.7":[2.93641, -0.65978, 7.91706],"0.8":[4.00243, -1.99513, 9.86043],"1.1":[-6.21836, -4.265, -28.22749],"1.2":[-5.86152, -5.92002, -35.05313],"1.4":[-5.61067, -7.16864, -37.96491],"1.5":[-6.05044, -5.76673, -34.06256],"1.6":[-5.63412, -6.17406, -38.06349],"1.7":[-5.93935, -4.87663, -35.16625],"1.8":[-6.0719, -6.72768, -43.06445],"1.9":[-6.30268, -6.5121, -41.06275],"2.0":[-6.84488, -5.93932, -36.06616],"2.2":[-3.03536, 0.3895, -16.42489],"2.3":[-2.0543, 1.11954, -4.4586],"2.4":[-1.08576, 0.12388, -2.42186],"2.5":[-1.08088, -0.83812, -0.40335],"2.6":[0.0746, 0.35845, -6.33816],"2.7":[1.08073, 0.2622, 0.479],"2.8":[1.03495, 0.28307, -3.66806],"3.0":[0, 0, 5]},"position":{"0.0":[0, 0, 0],"0.1":[-0.2, -0.95, 0],"0.3":[-2.2, -0.9, 0],"0.5":[-2.2, -1.3, 0],"0.7":[-2.6, -1.22, 0],"0.8":[-2.2, -0.9, 0],"1.0":[-3.1, -2.9, -2.1],"1.3":[-3.2, -2.7, -0.1],"1.4":[-3.2, -2.7, -0.1],"1.6":[-3.3, -2.3, -0.1],"1.7":[-3.5, -1.8, -0.1],"1.8":[-4.4, -1.4, -0.1],"1.9":[-3.4, -1.9, -0.1],"2.2":[-2.75, -1.9, -3.6],"2.3":[-1.9, -1.9, -3.6],"2.4":[-2.1, -1.9, -3.6],"2.5":[-2.1, -1.9, -3.6],"2.6":[-2.4, -1.27, -2.4],"2.8":[-1.4, -1.27, -2.4],"3.0":[0, 0, 0]}},"lefthand":{"rotation":{"0.0":[0, 0, 0],"0.2":[-3.01555, -17.00515, -27.75439],"0.3":[19.95306, -25.96871, -28.56493],"1.2":[6.08809, -25.21149, 11.60842],"1.4":[11.94056, -14.07765, 6.07945],"1.5":[11.79197, -16.89562, 5.03958],"1.6":[11.94056, -14.07765, 6.07945],"1.7":[13.27053, -13.40571, 12.85365],"1.8":[14.28535, -14.36008, 17.93481],"2.0":[14.28535, -14.36008, 17.93481],"2.2":[0.93066, -10.53881, 21.04347],"2.3":[-3.7684, 9.66164, 16.06804],