{"format_version":"1.8.0","animations":{"animation.p90.load":{"loop":true,"animation_length":4.5,"bones":{"action":{"rotation":{"0.0":[0, 0, 0],"3.1":[0, 0, 0],"3.2":[0, 0, 0],"3.5":[0, 0, 0]},"position":{"0.0":[0, 0, 0],"3.1":[0, 0, 0],"3.2":[0, 0, 0],"3.3":[0, 0, 2.7],"3.4":[0, 0, 14.8],"3.5":[0, 0, 0]}},"magazine":{"rotation":{"0.0":[83.11939, 11.61578, -12.00225],"0.9":[83.11939, 11.61578, -12.00225],"1.0":[83.11939, 11.61578, -12.00225],"1.2":[83.11939, 11.61578, -12.00225],"1.3":[34.03341, -14.41564, 16.80331],"1.5":[10.40535, -10.35885, 23.98186],"1.6":[5.90933, 0.94933, 10.15222],"1.8":[6, 0, 0],"1.9":[6, 0, 0],"2.0":[0, 0, 0]},"position":{"0.0":[23.9, -10.8, 24.2],"0.9":[23.9, 2.2, -21.8],"1.0":[23.9, 10.8, -21.8],"1.2":[23.9, 10.8, -21.8],"1.5":[5.74, 9.12, 23.48],"1.6":[1.2, 7, 23.3],"1.8":[0, 5, 0],"1.9":[0, 5, 0],"2.0":[0, 0, 0]}},"main":{"rotation":{"0.0":[0, 0, 0],"0.2":[3.56816, -13.26583, 11.30375],"0.4":[7.17674, -10.39492, 13.63319],"0.6":[7.10321, -6.42591, 14.13567],"0.8":[6.42847, -6.0464, 11.14204],"1.0":[5.22885, -7.29336, 13.01072],"1.3":[5.60367, -7.01012, 10.00069],"1.5":[5.56735, -0.41603, 7.63198],"1.6":[5.56006, -0.14015, 11.67783],"1.8":[7.56006, -0.14015, 11.67783],"1.9":[7.55709, 0.25456, 8.7039],"2.0":[5.55183, -0.3338, 13.66845],"2.3":[7.55709, 0.25456, 8.7039],"2.5":[6.01693, 0.62411, 3.98517],"2.7":[4.53036, -0.24282, 12.92408],"2.8":[3.77578, 0.19304, 6.11774],"3.0":[2.26842, -0.00287, 8.6683],"3.2":[2.26842, -1.92216, 6.59072],"3.4":[2.20493, -1.27155, 10.42014],"3.5":[0.30533, -0.71602, 3.83801],"3.6":[4.24426, -0.57282, 4.07041],"3.9":[2.097, -0.43371, 8.53257],"4.0":[0, 0, 5],"4.2":[0, 0, 0]},"position":{"0.0":[0, 0, 0],"0.1":[0, -1.7, 0],"0.3":[1.6, -4.7, 0],"0.6":[0.1, -4.7, 0],"0.9":[0.5, -4.7, 0],"1.0":[0.5, -3.7, 0],"1.2":[0.5, -4.6, 0],"1.4":[-1.1, -4.6, -6.4],"1.6":[-1.1, -4.6, -6.4],"1.7":[-1.1, -4.6, -9.2],"1.8":[-1.1, -4.6, -8.5],"1.9":[-1.1, -4.6, -8.5],"2.0":[-1.1, -6.3, -8.5],"2.4":[-0.8, -5.3, -7.6],"2.6":[-0.8, -5.3, -7.6],"2.7":[-0.69, -6.34, -7.23],"2.9":[-0.69, -6.34, -7.23],"3.1":[-1.39, -6.34, -7.23],"3.4":[-0.69, -6.34, -6.23],"3.5":[-0.69, -6.34, -3.13],"3.6":[-0.69, -6.34, -6.88],"3.8":[-0.34, -5.07, -5.94],"4.0":[0, 0, -5],"4.1":[0, 0, 0]}},"lefthand":{"rotation":{"0.0":[0, 0, 0],"0.3":[23.96468, -32.15436, -10.4883],"0.9":[80.58016, -0.4301, 31.38284],"1.0":[80.58016, -0.4301, 31.38284],"1.2":[80.58016, -0.4301, 31.38284],"1.3":[76.55364, 26.79407, 32.52574],"1.5":[71.2637, 48.35571, 38.70039],"1.6":[54.56813, 59.14263, 25.38607],"1.8":[-16.46206, 54.91557, -45.75858],"1.9":[-16.46206, 54.91557, -45.75858],"2.0":[-34.00231, 53.93143, -64.70581],"2.2":[-34.00231, 53.93143, -64.70581],"2.4":[-43.00231, 53.93143, -64.70581],"2.5":[-43.00231, 53.93143, -64.70581],"2.6":[-24.00231, 53.93143, -64.70581],"2.8":[-24.00231, 53.93143, -64.70581],"2.9":[-21.44941, 40.55216, -47.40665],"3.1":[4.65637, 13.79361, -12.80833],"3.2":[11.66974, 10.96454, -0.93031],"3.3":[6.08048, 20.59924, -10.63704],"3.4":[17.80094, 22.60391, 8.99631],"3.5":[23.64808, 38.92816, 8.05437],"3.9":[0, 0, 0]},"position":{"0.0":[0, 0, 0],"0.3":[15.3, -9.57, 55.23],"0.9":[45.9, 6.1, -6.5],"1.0":[45.9, 13.6, -6.6],"1.2":[45.9, 13.6, -6.6],"1.3":[39.07, 18.29, -0.23],"1.5":[25.42, 15.96, 25.7],"1.6":[16.8, 15.3, 26.9],"1.8":[16.8, 13.5, 8.8],"1.9":[16.8, 13.5, 8.8],"2.0":[16.8, 10.3, 8.8],"2.2":[16.8, 10.3, 8.8],"2.4":[17.5, 19.5, 8.8],"2.5":[17.5, 19.5, 8.8],"2.6":[17.9, 15.5, 8.8],"2.8":[17.9, 15.5, 8.8],"2.9":[19.6, 7.03, 12.3],"3.0":[15.97, 4.69, 8.2],"3.1":[10.49, 4.02, -2.57],"3.2":[10.49, 4.02, -2.57],"3.3":[11.89, 1.52, -2.97],"3.4":[12.61, -1.78, 6.62],"3.5":[20.71, -2.48, 12.42],"3.9":[0, 0, 0]}}},"sound_effects":{"0.0":{"effect":"gun_foley"},"1.6":{"effect":"pistolmag_touchgun"},"1.7":{"effect":"mag_insert"},"2.5":{"effect":"mag_smack"},"3.1":{"effect":"action3_back"},"3.3":{"effect":"action3_forward"},"3.7":{"effect":"gun_rest"}}},"animation.p90.inspect":{"loop":true,"animation_length":3.6,"bones":{"main":{"rotation":{"0.0":[0, 0, 5],"0.3":[-18.21404, -24.78191, -36.44431],"0.4":[-17.77181, -25.09082, -37.49318],"0.6":[-18.72587, -24.4063, -35.2124],"0.7":[-18.18829, -24.79718, -36.50267],"0.9":[-18.99223, -23.51073, -34.48085],"1.1":[-18.50456, -24.02258, -35.70051],"1.3":[-19.6747, -22.19801, -32.90885],"1.4":[-18.94944, -22.34409, -34.68824],"1.5":[-18.07339, -23.83163, -36.786],"1.9":[-27.05025, -2.11566, 76.63715],"2.0":[-27.10188, -1.20524, 78.41869],"2.2":[-27.03692, -2.26706, 76.33991],"2.3":[-27.07196, -1.75154, 77.34981],"2.5":[-26.97862, -4.08636, 74.97046],"2.6":[-26.98885, -3.80483, 75.20856],"2.8":[-25.89581, -3.10612, 73.74349],"3.0":[-26.31909, -3.94486, 72.49875],"3.2":[-26.79708, -4.38082, 72.17221],"3.4":[-14.14473, -2.93676, 56.83879],"3.6":[0, 0, 0]},"position":{"0.0":[0, 0, 0],"0.2":[-4.4, -6.4, -10.8],"0.4":[-4.7, -5.5, -10.8],"0.8":[-4.33, -5.5, -10.8],"1.2":[-5.27, -5.8, -10.8],"1.5":[-4.4, -5.5, -10.8],"1.7":[-3, -10.8, -7.3],"2.0":[-2.8, -8.3, -7.3],"2.2":[-3.13, -8.3, -7.3],"3.2":[-3, -8.3, -7.3],"3.3":[-1.5, -9.05, -9.85],"3.4":[-1, -6.03, -9.67],"3.6":[0, 0, 0]}},"lefthand":{"rotation":{"0.0":[0, 0, 0],"0.1":[9.39507, -14.85954, -2.14092],"0.3":[11.42766, -23.62372, 23.50144],"1.5":[11.42766, -23.62372, 23.50144],"1.8":[9.94274, 12.66135, -36.31774],"3.2":[9.94274, 12.66135, -36.31774],"3.6":[0, 0, 0]},"position":{"0.0":[0, 0, 0],"0.1":[4.7, -4.4, 4.9],"0.3":[7.6, -5.4, 49.5],"1.5":[7.6, -5.4, 49.5],"1.8":[13, 16, -0.8],"3.2":[13, 16, -0.8],"3.6":[0, 0, 0]}}},"sound_effects":{"0.0":{"effect":"gun_unrest"},"1.5":{"effect":"gun_foley2"},"3.2":{"effect":"gun_rest"}}},"animation.p90.reloadempty":{"loop":true,"animation_length":5.3,"bones":{"action":{"rotation":{"0.0":[0, 0, 0],"4.1":[0, 0, 0],"4.2":[0, 0, 0],"4.5":[0, 0, 0]},"position":{"0.0":[0, 0, 0],"4.1":[0, 0, 0],"4.2":[0, 0, 0],"4.3":[0, 0, 2.7],"4.4":[0, 0, 14.8],"4.5":[0, 0, 0]}},"magazine":{"rotation":{"0.0":[0, 0, 0],"0.4":[0, 0, 0],"0.5":[6, 0, 0],"0.7":[5.90933, 0.94933, 10.15222],"0.9":[0.7551, 21.48791, 16.63156],"1.1":[6.62258, -11.94027, 12.07731],"1.2":[8.32494, -22.40762, 4.88454],"1.4":[53.72012, -28.57847, -27.63182],"1.9":[83.11939, 11.61578, -12.00225],"2.0":[83.11939, 11.61578, -12.00225],"2.2":[83.11939, 11.61578, -12.00225],"2.3":[34.03341, -14.41564, 16.80331],"2.5":[10.40535, -10.35885, 23.98186],"2.6":[5.90933, 0.94933, 10.15222],"2.8":[6, 0, 0],"2.9":[6, 0, 0],"3.0":[0, 0, 0]},"position":{"0.0":[0, 0, 0],"0.4":[0, 0, 0],"0.5":[0, 5, 0],"0.7":[1.2, 8.7, 23.3],"0.9":[18.9, -0.6, 26.4],"1.1":[19.9, 2.86, -26.24],"1.2":[42.7, -13.86, -83.41],"1.4":[56.24, -41.99, -100.26],"1.6":[78.6, -56.07, -81.06],"1.9":[23.9, 2.2, -21.8],"2.0":[23.9, 10.8, -21.8],"2.2":[23.9, 10.8, -21.8],"2.5":[5.74, 9.12, 23.48],"2.6":[1.2, 7, 23.3],"2.8":[0, 5, 0],"2.9":[0, 5, 0],"3.0":[0, 0, 0]}},"main":{"rotation":{"0.0":[0, 0, 0],"0.2":[3.56816, -13.26583, 11.30375],"0.3":[2.85718, -13.434, 14.38224],"0.5":[5.90464, -11.54212, 14.4769],"0.6":[6.50506, -11.21779, 11.43466],"0.7":[7.14268, -11.69888, 10.01645],"0.9":[6.53804, -13.73151, 16.31172],"1.1":[6.62058, -10.75534, 16.66293],"1.3":[7.17674, -10.39492, 13.63319],"1.5":[7.10321, -6.42591, 14.13567],"1.7":[6.42847, -6.0464, 11.14204],"1.9":[5.22885, -7.29336, 13.01072],"2.2":[5.60367, -7.01012, 10.00069],"2.5":[5.56735, -0.41603, 7.63198],"2.6":[5.56006, -0.14015, 11.67783],"2.8":[7.56006, -0.14015, 11.67783],"2.9":[7.55709, 0.25456, 8.7039],"3.0":[5.55183, -0.3338, 13.66845],"3.2":[7.55709, 0.25456, 8.7039],"3.4":[6.01693, 0.62411, 3.98517],"3.6":[4.53036, -0.24282, 12.92408],"3.7":[3.77578, 0.19304, 6.11774],"3.9":[2.26842, -0.00287, 8.6683],"4.1":[2.26842, -1.92216, 6.59072],"4.3":[2.20493, -1.27155, 10.42014],"4.4":[0.30533, -0.71602, 3.83801],"4.5":[4.24426, -0.57282, 4.07041],"4.8":[2.097, -0.43371, 8.53257],"4.9":[0, 0, 5],"5.1":[0, 0, 0]},"position":{"0.0":[0, 0, 0],"0.1":[0, -1.7, 0],"0.4":[1.1, -3.4, 0],"0.6":[0.7, -4.3, 0],"0.8":[1.5, -4.7, 0],"1.0":[0.9, -4.7, 0],