{"format_version":"1.8.0","animations":{"animation.type20.draw":{"loop":true,"animation_length":1.9,"bones":{"main":{"rotation":{"0.0":[0.43568, -42.55892, 23.49116],"0.4":[-0.20904, -5.97811, 7.02],"0.5":[-0.04065, -0.16443, 7.66646],"0.7":[0, 0, -2],"0.8":[0, 0, 0]},"position":{"0.0":[1.6, -17, 4.8],"0.3":[0, -1.4, -4.3],"0.5":[0, -0.28, -4.86],"0.6":[0, 0, 0]}}}},"animation.type20.inspect":{"loop":true,"animation_length":4,"bones":{"main":{"rotation":{"0.0":[0, 0, 0],"0.3":[-18.21404, -24.78191, -36.44431],"0.4":[-17.77181, -25.09082, -37.49318],"0.6":[-18.72587, -24.4063, -35.2124],"0.7":[-18.18829, -24.79718, -36.50267],"0.9":[-18.99223, -23.51073, -34.48085],"1.1":[-18.50456, -24.02258, -35.70051],"1.3":[-19.6747, -22.19801, -32.90885],"1.4":[-18.94944, -22.34409, -34.68824],"1.5":[-18.07339, -23.83163, -36.786],"1.9":[-27.05025, -2.11566, 76.63715],"2.0":[-27.10188, -1.20524, 78.41869],"2.2":[-27.03692, -2.26706, 76.33991],"2.3":[-27.07196, -1.75154, 77.34981],"2.5":[-26.97862, -4.08636, 74.97046],"2.6":[-26.98885, -3.80483, 75.20856],"2.8":[-25.89581, -3.10612, 73.74349],"3.0":[-26.31909, -3.94486, 72.49875],"3.2":[-26.79708, -4.38082, 72.17221],"3.5":[-0.04065, -0.16443, 7.66646],"3.7":[0, 0, -2],"3.8":[0, 0, 0]},"position":{"0.0":[0, 0, 0],"0.2":[-4.4, -6.4, -10.8],"0.4":[-4.7, -5.5, -10.8],"0.8":[-4.33, -5.5, -10.8],"1.2":[-5.27, -5.8, -10.8],"1.5":[-4.4, -5.5, -10.8],"1.7":[-3, -10.8, -7.3],"2.0":[-2.8, -8.3, -7.3],"2.2":[-3.13, -8.3, -7.3],"3.2":[-3, -8.3, -7.3],"3.5":[0, -0.28, -4.86],"3.6":[0, 0, 0]}},"lefthand":{"rotation":{"0.0":[0, 0, 0],"0.1":[9.39507, -14.85954, -2.14092],"0.3":[11.42766, -23.62372, 23.50144],"1.5":[11.42766, -23.62372, 23.50144],"1.8":[9.94274, 12.66135, -36.31774],"3.2":[9.94274, 12.66135, -36.31774],"3.5":[0, 0, 0]},"position":{"0.0":[0, 0, 0],"0.1":[4.7, -4.4, 4.9],"0.3":[7.6, -5.4, 49.5],"1.5":[7.6, -5.4, 49.5],"1.8":[13, 16, -0.8],"3.2":[13, 16, -0.8],"3.5":[0, 0, 0]}}},"sound_effects":{"0.0":{"effect":"gun_unrest"},"1.5":{"effect":"gun_foley2"},"3.2":{"effect":"gun_rest"}}},"animation.type20.load":{"loop":true,"animation_length":4.23333,"bones":{"main":{"rotation":{"0.0":[0, 0, 0],"0.2":[4.00547, -2.99269, 9.79054],"0.4":[4.15347, -1.78177, 6.86686],"0.5":[3.29023, -1.59342, 8.37638],"0.7":[2.93641, -0.65978, 7.91706],"0.8":[4.00243, -1.99513, 9.86043],"1.0":[0.6768, -3.44359, 0.85904],"1.2":[-3.86749, -4.01957, -20.05095],"1.3":[-2.34485, -3.46236, -27.11477],"1.4":[-2.34768, -4.46153, -27.07374],"1.5":[-2.51661, -3.37801, -25.11344],"1.6":[-3.37539, -3.02229, -18.61345],"1.7":[-3.63178, -3.34041, -23.10921],"1.8":[-3.6588, -4.2739, -22.04541],"1.9":[-3.69625, -4.85411, -34.0726],"2.0":[-4.9369, -3.72742, -31.14986],"2.1":[-4.18425, -3.37444, -27.15779],"2.3":[-3.40639, -2.07641, -23.22221],"2.4":[-3.45832, -1.9859, -21.72404],"2.5":[-3.29319, -2.25174, -26.21922],"2.6":[-5.25344, -2.30884, -27.21838],"2.7":[-5.42823, -0.75305, -21.33577],"2.9":[-3.03536, 0.3895, -16.42489],"3.0":[-2.0543, 1.11954, -4.4586],"3.1":[-1.08576, 0.12388, -2.42186],"3.2":[-1.08088, -0.83812, -0.40335],"3.3":[0.0746, 0.35845, -6.33816],"3.4":[1.08073, 0.2622, 0.479],"3.5":[1.03495, 0.28307, -3.66806],"3.7667":[0, 0, 5]},"position":{"0.0":[0, 0, 0],"0.1":[-0.2, -0.95, 0],"0.3":[-2.2, -0.9, 0],"0.5":[-2.2, -1.3, 0],"0.7":[-2.6, -1.22, 0],"0.8":[-2.2, -0.9, 0],"1.0":[-1.92, -1.22, -1.44],"1.1":[-1.01, -2.21, -2.88],"1.2":[-1.96, -2.46, -3.24],"1.4":[-2.2, -3.8, -3.6],"1.5":[-2.5, -3.33, -3.6],"1.6":[-2.4, -2.86, -3.6],"1.7":[-2.5, -2.4, -3.6],"1.8":[-2.6, -2.2, -3.6],"1.9":[-3, -1.4, -3.6],"2.0":[-3, -1.4, -3.6],"2.2":[-2.63, -2.03, -3.6],"2.3":[-2.65, -2.6, -3.6],"2.4":[-2.92, -2.6, -3.6],"2.5":[-2.8, -2.6, -3.6],"2.6":[-3.3, -0.9, -3.6],"2.7":[-2.86, -1.35, -3.6],"2.8":[-3.02, -1.9, -3.6],"2.9":[-2.75, -1.9, -3.6],"3.0":[-1.9, -1.9, -3.6],"3.1":[-2.1, -1.9, -3.6],"3.2":[-2.1, -1.9, -3.6],"3.3":[-2.4, -1.27, -2.4],"3.5":[-1.4, -1.27, -2.4],"3.7":[0, 0, 0]}},"magazine":{"rotation":{"1.3333":[19.86262, -2.38888, -13.41833],"1.3667":[11.64048, 0.41438, -22.01617],"1.4":[7.5, 0, -17.5],"1.5":[-0.01745, 0.99985, 2.99985],"1.7":[-0.01745, 0.99985, 2.99985],"1.8":[0, 0, 0],"1.9":[0, 0, 0]},"position":{"0.0":[17, -13, 28],"1.2667":[17, -13, 28],"1.3333":[4.6, -10.4, 2.4],"1.4":[2.68, -6.9, 0.8],"1.5":[-0.4, -5.1, 0],"1.7":[-0.4, -5.2, 0],"1.8":[0, -2, 0],"1.9":[0, 0, 0]}},"lefthand":{"rotation":{"0.0":[0, 0, 0],"0.2":[-3.01555, -17.00515, -27.75439],"0.3":[19.95306, -25.96871, -28.56493],"0.9333":[19.95306, -25.96871, -28.56493],"1.3":[6.19259, -31.72957, 11.35107],"1.4":[5.18146, -25.5172, 3.52158],"1.5":[4.41474, -21.62613, 17.73755],"1.6":[4.41474, -21.62613, 17.73755],"1.7":[3.91474, -21.62613, 17.73755],"1.8":[4.23411, -19.20698, 25.43927],"1.9":[3.29874, -9.70523, 24.56541],"2.1":[3.29874, -9.70523, 24.56541],"2.3":[2.95392, -24.41641, 21.60778],"2.5":[2.95392, -24.41641, 21.60778],"2.6":[3.16663, -12.64574, 23.95635],"2.8":[3.16663, -12.64574, 23.95635],"2.9":[0.93066, -10.53881, 21.04347],"3.0":[-3.7684, 9.66164, 16.06804],"3.1":[1.4573, 24.81197, 12.33646],"3.2":[1.4573, 24.81197, 12.33646],"3.2667":[8.4573, 24.81197, 12.33646],"3.5":[8.4573, 24.81197, 12.33646],"3.6":[-0.06966, 9.43723, 5.64334],"3.8":[0, 0, 0]},"position":{"0.0":[0, 0, 0],"0.2":[0, -2.9, 9.2],"0.3":[0, -8.7, 15.9],"0.9333":[0, -8.7, 15.9],"1.3":[-1.9, -8.7, 26.9],"1.4":[-2.4, -8.9, 22.4],"1.5":[-6.9, -13.6, 21.1],"1.6":[-6.9, -13.6, 21.1],"1.7":[-6.78, -13.11, 21.1],"1.8":[-6.78, -12.51, 21.1],"1.9":[-6.8, -14.4, 20.2],"2.1":[-6.8, -14.4, 20.2],"2.3":[-6.8, -16.1, 20.2],"2.5":[-6.8, -16, 20.2],"2.6":[-6.8, -15.8, 20.2],"2.8":[-6.8, -15.8, 20.2],"2.9":[-4.03, -17.78, 27.2],"3.0":[1.3, -15.11, 20.17],"3.1":[4.6, -13.1, 16.9],"3.2":[4.6, -13.1, 16.9],"3.2667":[6, -11.7, 16.9],"3.5":[6, -11.7, 16.9],"3.8":[0, 0, 0]}}},"sound_effects":{"0.0":{"effect":"gun_unrest"},"0.1":{"effect":"gun_foley"},"1.4":{"effect":"mag_insert"},"2.3":{"effect":"mag_smack"},"3.1":{"effect":"bolt_press"},"3.4":{"effect":"gun_rest"}}},"animation.type20.unload":{"loop":true,"animation_length":3.1,"bones":{"main":{"rotation":{"0.0":[0, 0, 0],"0.1":[-0.02294, -1.66383, -1.33745],"0.2":[0.3142, -3.98354, -12.01366],"0.3":[1.3782, -3.87293, -13.01445],"0.4":[1.03516, -4.99573, -8.00458],"0.6":[4.28913, -3.62335, 4.07719],"0.7":[5.63813, -2.65704, -1.85592],"0.8":[4.06103, -4.76266, 6.00443],"0.9":[4.1731, -3.69437, 5.07625],"1.0":[4.33669, -3.58541, 6.59125],"1.1":[4.61863, -3.31745, 6.10905],"1.2":[5.13713, -3.74529, 5.07178],"1.4":[1.64471, -1.33632, 4.69007],"1.5":[0, 0, 0]},"position":{"0.0":[0, 0, 0],"0.2":[-0.5, -0.13, -1.1],"0.4":[-1.5, 0, 0.8],"0.5":[-1.2, 0, 0.4],"0.6":[-0.9, -1.7, 0],"0.8":[-1.9, -1, 0],"1.0":[-1.6, -1, 0],"1.2":[-1.9, -1, 0],"1.5":[0, 0, 0]}},"magazine":{"rotation":{"0.0":[0, 0, 0],"0.5":[0, 0, 0],"0.6":[-2.97795, -0.3646, -0.97455],"0.7":[-5.86981, -1.24529, -11.93615],"1.0":[8.1527, -1.34736, -12.93118]},"position":{"0.0":[0, 0, 0],"0.5":[0, 0, 0],"0.6":[0, -6.7, -0.4],"0.7":[1.7, -9.3, 0],"1.0":[8.8, -26, 8.9]}},"lefthand":{"rotation":{"0.0":[0, 0, 0],"0.1":[3.56672, -19.43065, 0.27649],"0.2":[15.90744, -18.50135, 22.85154],"0.5":[15.90744, -18.50135, 22.85154],"0.6":[15.8463, -20.32738, 22.03337],"0.7":[13.33116, -18.43672, 2.17415],"1.1":[14.0522, -38.88546, -6.01585],"1.5":[0, 0, 0]},"position":{"0.0":[0, 0, 0],"0.1":[-1.5, -1.7, 8.9],"0.2":[-0.3, -6.4, 17.6],"0.5":[-0.3, -6.4, 17.6],"0.6":[-0.3, -10.5, 17.6],"0.7":[3.3, -10.5, 17.6],"1.1":[3.3, -14.8, 29.8],"1.5":[0, 0, 0]}}},"sound_effects":{"0.0":{"effect":"mag_unload"},"0.5":{"effect":"gun_foley2"},"1.2":{"effect":"gun_rest"}}},"animation.type20.reload":{"loop":true,"animation_length":3.5,"bones":{"main":{"rotation":{"0.0":[0, 0, 0],"0.1":[-0.02294, -1.66383, -1.33745],"0.2":[0.3142, -3.98354, -12.01366],"0.3":[1.3782, -3.87293, -13.01445],"0.4":[1.03516, -4.99573, -8.00458],"0.6":[4.53103, -3.31565, 0.08171],"0.7":[5.63813, -2.65704, -1.85592],"0.8":[4.06103, -4.76266, 6.00443],