{"format_version":"1.8.0","animations":{"animation.evo.draw":{"loop":true,"animation_length":1.5,"bones":{"main":{"rotation":{"0.0":[0.43568, -42.55892, 23.49116],"0.4":[-0.20904, -5.97811, 7.02],"0.5":[-0.04065, -0.16443, 7.66646],"0.7":[0, 0, 0]},"position":{"0.0":[1.6, -17, 4.8],"0.3":[0, -1.4, -4.3],"0.5":[0, -0.28, -4.86],"0.6":[0, 0, 0]}},"lefthand":{"rotation":{"0.0":[0, 0, 0],"0.7":[0, 0, 0]},"position":{"0.0":[0, 0, 0],"0.7":[0, 0, 0]}}}},"animation.evo.inspect":{"loop":true,"animation_length":4.1,"bones":{"main":{"rotation":{"0.0":[0, 0, 5],"0.3":[-18.21404, -24.78191, -36.44431],"0.4":[-17.77181, -25.09082, -37.49318],"0.6":[-18.72587, -24.4063, -35.2124],"0.7":[-18.18829, -24.79718, -36.50267],"0.9":[-18.99223, -23.51073, -34.48085],"1.1":[-18.50456, -24.02258, -35.70051],"1.3":[-19.6747, -22.19801, -32.90885],"1.4":[-18.94944, -22.34409, -34.68824],"1.5":[-18.07339, -23.83163, -36.786],"1.9":[-27.05025, -2.11566, 76.63715],"2.0":[-27.10188, -1.20524, 78.41869],"2.2":[-27.03692, -2.26706, 76.33991],"2.3":[-27.07196, -1.75154, 77.34981],"2.5":[-26.97862, -4.08636, 74.97046],"2.6":[-26.98885, -3.80483, 75.20856],"2.8":[-25.89581, -3.10612, 73.74349],"3.0":[-26.31909, -3.94486, 72.49875],"3.2":[-26.79708, -4.38082, 72.17221],"3.4":[-14.14473, -2.93676, 56.83879],"3.6":[0, 0, 0]},"position":{"0.0":[0, 0, 0],"0.2":[-4.4, -6.4, -10.8],"0.4":[-4.7, -5.5, -10.8],"0.8":[-4.33, -5.5, -10.8],"1.2":[-5.27, -5.8, -10.8],"1.5":[-4.4, -5.5, -10.8],"1.7":[-3, -10.8, -7.3],"2.0":[-2.8, -8.3, -7.3],"2.2":[-3.13, -8.3, -7.3],"3.2":[-3, -8.3, -7.3],"3.3":[-1.5, -9.05, -9.85],"3.4":[-1, -6.03, -9.67],"3.6":[0, 0, 0]}},"lefthand":{"rotation":{"0.0":[0, 0, 0],"0.1":[9.39507, -14.85954, -2.14092],"0.3":[11.42766, -23.62372, 23.50144],"1.5":[11.42766, -23.62372, 23.50144],"1.8":[9.94274, 12.66135, -36.31774],"3.2":[9.94274, 12.66135, -36.31774],"3.6":[0, 0, 0]},"position":{"0.0":[0, 0, 0],"0.1":[4.7, -4.4, 4.9],"0.3":[7.6, -5.4, 49.5],"1.5":[7.6, -5.4, 49.5],"1.8":[13, 16, -0.8],"3.2":[13, 16, -0.8],"3.6":[0, 0, 0]}}},"sound_effects":{"0.0":{"effect":"gun_unrest"},"1.5":{"effect":"gun_foley2"},"3.2":{"effect":"gun_rest"}}},"animation.evo.reloadempty":{"loop":true,"animation_length":4.3,"bones":{"main":{"rotation":{"0.0":[0, 0, 0],"0.2":[-0.83804, -5.9414, -8.95651],"0.3":[-1.55823, -5.79484, -1.92113],"0.4":[-1.35441, -5.84568, -3.93084],"0.6":[-2.14489, -5.08022, 4.97159],"0.7":[-2.54013, -4.69749, 9.42281],"0.8":[-2.29578, -4.52367, 6.07277],"1.0":[-1.72422, -3.77009, -0.9762],"1.2":[-2.04652, -3.60549, 4.03147],"1.3":[-1.9442, -4.16863, 2.04701],"1.5":[-1.53967, -4.57298, -2.95849],"1.7":[-6.48459, -6.31179, -8.60604],"1.8":[-7.91552, -8.1443, -20.43854],"1.9":[-7.09958, -8.86347, -25.95201],"2.0":[-6.54454, -9.27936, -29.47126],"2.1":[-7.43311, -8.56888, -23.69656],"2.2":[-6.78566, -9.10525, -27.96201],"2.3":[-9.13179, -9.711, -31.96877],"2.4":[-10.24106, -8.53173, -24.98021],"2.6":[-7.61647, -10.05314, -34.99555],"2.7":[-6.79217, -7.19302, -16.0829],"2.8":[-4.80005, -5.33316, -4.19554],"3.0":[-0.81579, -1.61344, 19.57918],"3.1":[-1.95192, -1.48388, 24.57915],"3.2":[-3.89861, -1.51622, 22.57781],"3.3":[-3.94905, -1.37935, 24.57376],"3.4":[0.35111, -1.81469, 14.07999],"3.5":[0.83625, -1.42387, 7.55976],"3.6":[0, 0, 4],"3.7":[0, 0, 7.66667],"3.8":[0, 0, 3.83333],"3.9":[0, 0, 0]},"position":{"0.0":[0, 0, 0],"0.1":[-0.8, -1.2, -1.8],"0.3":[-0.5, -1.2, -1.8],"0.5":[-1.28, -2.7, -3.48],"0.8":[-1.8, -1.2, -2.6],"1.1":[-2.5, -1.2, -2.6],"1.3":[-1.9, -1.6, -3.6],"1.6":[-1.5, -1.4, -6.6],"1.7":[-1.5, -1.1, -4.6],"1.9":[-2.1, -2.1, -4.6],"2.2":[-1.8, -1.5, -4.6],"2.3":[-2.9, -1, -4.6],"2.6":[-2.1, -3.2, -4],"2.9":[-0.4, -2.2, -5.9],"3.1":[-0.4, -2.2, -0.6],"3.2":[-0.4, -2.2, 0.2],"3.3":[-0.4, -2.2, 0.2],"3.4":[-0.4, -2.2, -2],"3.6":[0, 0, -3.4],"3.8":[0, 0, 0]}},"action":{"rotation":{"0.0":[0, 0, 0],"3.0":[0, 0, 0],"3.4":[0, 0, 0]},"position":{"0.0":[0, 0, 0],"3.0":[0, 0, 0],"3.1":[0, 0, 7],"3.3":[0, 0, 7],"3.4":[0, 0, 0]}},"magazine":{"rotation":{"0.0":[0, 0, 0],"0.3":[0, 0, 0],"0.5":[-7.0948, 0, 0],"1.8":[-7.0948, 0, 0],"2.0":[-11.51501, -6.46991, 1.63657],"2.1":[-7.58812, -9.42388, 2.1652],"2.2":[0, 0, 0],"2.3":[0, 0, 0]},"position":{"0.0":[0, 0, 0],"0.3":[0, 0, 0],"0.5":[0, -27, -5.3],"0.6":[0, -27, 21.7],"1.6":[0, -27, 21.7],"1.8":[0, -27, -5.3],"2.0":[0, -4.6, -5.2],"2.1":[-0.4, -4.6, -3.1],"2.2":[0, -3.8, -0.3],"2.3":[0, 0, 0]}},"lefthand":{"rotation":{"0.0":[0, 0, 0],"0.2":[9.62557, 6.51888, -5.76301],"0.3":[3.41463, 9.68618, -19.3947],"0.5":[3.41463, 9.68618, -19.3947],"0.9":[15.50196, -36.66855, -5.05317],"1.8":[12.88115, -18.56331, 24.16086],"2.0":[8.94129, -7.40076, 21.93844],"2.1":[7.78029, -9.31277, 21.33003],"2.2":[9.78029, -9.31277, 21.33003],"2.3":[10.25132, -4.563, 22.96187],"2.5":[10.25132, -4.563, 22.96187],"2.9":[-0.19539, 19.73347, -12.75811],"3.0":[-0.19539, 19.73347, -12.75811],"3.1":[-7.65361, 33.24325, -22.15293],"3.3":[-7.65361, 33.24325, -22.15293],"3.4":[-7.4065, 44.24253, -21.87548],"3.6":[9.06856, 20.26255, 0.05583],"3.8":[0, 0, 0]},"position":{"0.0":[0, 0, 0],"0.2":[8, 0.6, 21.5],"0.3":[8, 1.5, 20.3],"0.5":[8, 1.5, 20.3],"0.9":[10.4, -3.4, 31.3],"1.8":[-0.9, -27.1, 18.9],"2.0":[-1.2, -11.1, 19.1],"2.1":[-2.3, -10.1, 21.1],"2.2":[-1.2, -8.7, 20.7],"2.3":[-0.5, -6.1, 20.1],"2.5":[-0.5, -6.1, 20.1],"2.7":[8.73, -2.77, 12.77],"2.9":[10.1, 3.9, -1.9],"3.0":[10.1, 3.9, -1.9],"3.1":[14, 0.5, -1],"3.3":[14, 0.5, -1],"3.4":[17.2, -1.3, 7.9],"3.6":[18.4, -9.35, 12.15],"3.8":[0, 0, 0]}}},"sound_effects":{"0.0":{"effect":"gun_unrest"},"0.2":{"effect":"gun_foley"},"0.3":{"effect":"pistolmag_touchgun"},"0.4":{"effect":"smallmag_unload"},"2.0":{"effect":"pistolmag_touchgun"},"2.1":{"effect":"smallmag_insert"},"2.9":{"effect":"pistolmag_touchgun"},"3.0":{"effect":"action3_back"},"3.2":{"effect":"action3_forward"},"3.3":{"effect":"gun_rest"}}},"animation.evo.reload":{"loop":true,"animation_length":4.3,"bones":{"main":{"rotation":{"0.0":[0, 0, 0],"0.2":[0.83457, -3.91228, -19.37611],"0.3":[1.25185, -5.86842, -29.06417],"0.4":[0.52484, -5.97708, -22.0274],"0.5":[0.73386, -5.95511, -24.03817],"0.6":[-0.16969, -5.6663, -15.49993],"0.7":[-1.07324, -5.37748, -6.96169],"0.8":[-0.85651, -5.29126, -9.47472],"0.9":[-0.63978, -5.20504, -11.98775],"1.0":[-2.49192, -4.15297, -17.41269],"1.3":[-1.72422, -3.77009, -0.9762],"1.4":[-1.88537, -3.68779, 1.52763],"1.5":[-2.04652, -3.60549, 4.03147],"1.6":[-1.9442, -4.16863, 2.04701],"1.8":[-1.53967, -4.57298, -2.95849],"2.0":[-6.48459, -6.31179, -8.60604],"2.1":[-7.91552, -8.1443, -20.43854],"2.2":[-7.09958, -8.86347, -25.95201],"2.3":[-6.54454, -9.27936, -29.47126],"2.4":[-7.43311, -8.56888, -23.69656],"2.5":[-6.78566, -9.10525, -27.96201],"2.6":[-9.13179, -9.711, -31.96877],"2.7":[-10.24106, -8.53173, -24.98021],"2.8":[-8.92877, -9.29244, -29.98788],"2.9":[-7.61647, -10.05314, -34.99555],"3.0":[-6.79217, -7.19302, -16.0829],"3.2":[0, 0, 4],"3.3":[0, 0, 6.66667],"3.4":[0, 0, 3.33333],"3.5":[0, 0, 0]},"position":{"0.0":[0, 0, 0],"0.1":[-0.8, -1.2, -1.8],"0.4":[-0.5, -1.2, -1.8],"0.6":[-1.28, -2.7, -3.48],"0.8":[-1.63, -2, -2.89],"1.0":[-2.32, -1.96, -2.79],"1.2":[-3.01, -2.92, -2.69],"1.4":[-2.5, -1.6, -0.6],"1.6":[-1.9, -1.6, -1.6],"1.9":[-1.5, -1.4, -6.6],"2.0":[-1.5, -1.1, -4.6],"2.2":[-2.1, -2.1, -4.6],"2.5":[-1.8, -1.5, -4.6],"2.6":[-2.9, -1, -4.6],"2.9":[-2.1, -3.2, -4],"3.2":[0, 0, -4.4],"3.4":[0, 0, 0]}},"magazine":{"rotation":{"0.0":[0, 0, 0],"0.4":[0, 0, 0],"0.8":[0, 0, 0],"0.9":[0, 0, 0],"1.3":[-7.0948, 0, 0],"2.1":[-7.0948, 0, 0],"2.3":[-11.51501, -6.46991, 1.63657],"2.4":[-7.58812, -9.42388, 2.1652],"2.5":[0, 0, 0],"2.6":[0, 0, 0]},"position":{"0.0":[0, 0, 0],"0.4":[0, 0, 0],"0.8":[0, 0, 0],"0.9":[0, 0, 0],"1.3":[0, -27, -5.3],"1.4":[0, -27, 21.7],"1.9":[0, -27, 21.7],"2.1":[0, -27, -5.3],"2.3":[0, -4.6, -5.2],"2.4":[-0.4, -4.6, -3.1],"2.5":[0, -3.8, -0.3],"2.6":[0, 0, 0]}},"lefthand":{"rotation":{"0.0":[0, 0, 0],"0.2":[9.62557, 6.51888, -5.76301],"0.4":[3.41463, 9.68618, -19.3947],