{"format_version":"1.8.0","animations":{"animation.f2000.draw":{"loop":true,"animation_length":1.9,"bones":{"main":{"rotation":{"0.0":[0.43568, -42.55892, 23.49116],"0.4":[-0.20904, -5.97811, 7.02],"0.5":[-0.04065, -0.16443, 7.66646],"0.7":[0, 0, -2],"0.8":[0, 0, 0]},"position":{"0.0":[1.6, -17, 4.8],"0.3":[0, -1.4, -4.3],"0.5":[0, -0.28, -4.86],"0.6":[0, 0, 0]}},"lefthand":{"rotation":{"0.0":[0, 0, 0],"0.7":[0, 0, 0]},"position":{"0.0":[0, 0, 0],"0.7":[0, 0, 0]}}}},"animation.f2000.inspect":{"loop":true,"animation_length":4.3,"bones":{"main":{"rotation":{"0.0":[0, 0, 0],"0.3":[-18.21404, -24.78191, -36.44431],"0.4":[-17.77181, -25.09082, -37.49318],"0.6":[-18.72587, -24.4063, -35.2124],"0.7":[-18.18829, -24.79718, -36.50267],"0.9":[-18.99223, -23.51073, -34.48085],"1.0":[-19.16169, -23.44182, -34.05855],"1.1":[-18.50456, -24.02258, -35.70051],"1.3":[-19.6747, -22.19801, -32.90885],"1.4":[-18.94944, -22.34409, -34.68824],"1.5":[-18.07339, -23.83163, -36.786],"1.9":[-27.05025, -2.11566, 76.63715],"2.0":[-27.10188, -1.20524, 78.41869],"2.2":[-27.03692, -2.26706, 76.33991],"2.3":[-27.07196, -1.75154, 77.34981],"2.5":[-26.97862, -4.08636, 74.97046],"2.6":[-26.98885, -3.80483, 75.20856],"2.8":[-25.89581, -3.10612, 73.74349],"3.0":[-26.31909, -3.94486, 72.49875],"3.2":[-26.79708, -4.38082, 72.17221],"3.5":[-0.04065, -0.16443, 7.66646],"3.7":[0, 0, -2],"3.8":[0, 0, 0]},"position":{"0.0":[0, 0, 0],"0.2":[-4.4, -6.4, -10.8],"0.4":[-4.7, -5.5, -10.8],"0.8":[-4.33, -5.5, -10.8],"1.2":[-4.27, -5.8, -10.8],"1.5":[-4.4, -5.5, -10.8],"1.7":[-3, -10.8, -7.3],"2.0":[-2.8, -8.3, -7.3],"2.2":[-3.13, -8.3, -7.3],"3.2":[-3, -8.3, -7.3],"3.5":[0, -0.28, -4.86],"3.6":[0, 0, 0]}},"lefthand":{"rotation":{"0.0":[0, 0, 0],"0.1":[9.39507, -14.85954, -2.14092],"0.3":[11.42766, -23.62372, 23.50144],"1.5":[11.42766, -23.62372, 23.50144],"1.8":[9.94274, 12.66135, -36.31774],"3.2":[9.94274, 12.66135, -36.31774],"3.5":[0, 0, 0]},"position":{"0.0":[0, 0, 0],"0.1":[4.7, -4.4, 4.9],"0.3":[7.6, -5.4, 49.5],"1.5":[7.6, -5.4, 49.5],"1.8":[13, 16, -0.8],"3.2":[13, 16, -0.8],"3.5":[0, 0, 0]}}}},"animation.f2000.load":{"loop":true,"animation_length":4.7,"bones":{"action":{"rotation":{"0.0":[0, 0, 0],"0.3":[0, 0, 0],"0.5":[0, 0, 0],"0.6":[0, 0, 0],"0.8":[0, -60, -38],"3.5":[0, -60, -38],"3.6":[0, 0, 0]},"position":{"0.0":[0, 0, 0],"0.3":[0, 0, 0],"0.5":[0, 0, 7.6],"0.6":[0, 0, 13.6],"0.8":[0, 0, 13.6],"3.5":[0, 0, 13.6],"3.6":[0, 0, 0]}},"main":{"rotation":{"0.0":[0, 0, 0],"0.2":[1.26224, -0.40076, -1.02443],"0.3":[2.00122, -1.99878, -6.06983],"0.4":[1.81942, -2.16556, -1.0693],"0.5":[1.00122, -1.99878, -6.06983],"0.7":[-1.57814, -2.14712, -18.07329],"0.8":[-1.33981, -1.73296, -15.7447],"1.2":[0, 0, -3],"1.4":[4.46343, -2.25243, -0.19258],"1.6":[4.3992, -1.03421, -3.10825],"1.8":[4.11965, -1.17621, -0.80473],"2.0":[-3.21411, -8.42144, -23.52834],"2.3":[-1.41203, -8.84184, -53.80897],"2.5":[-2.10554, -9.71857, -49.72686],"2.6":[-1.41609, -9.84153, -53.78396],"2.7":[-4.08143, -10.88237, -55.74125],"2.8":[-1.93405, -9.75382, -50.74085],"3.0":[-0.89401, -9.90202, -56.82844],"3.3":[-4.16661, -4.23294, -20.88841],"3.4":[-6.72856, -2.45494, -10.9799],"3.5":[-8.72856, -2.45494, -10.9799],"3.6":[-6.21031, -2.1288, 2.02012],"3.8":[-1.84738, -2.21558, -2.38598],"3.9":[-1.71913, -2.16943, -0.53581],"4.1":[-0.33338, -0.33328, 2.00582],"4.3":[0, 0, 0]},"position":{"0.0":[0, 0, 0],"0.1":[-0.3, 0, 0.13],"0.3":[0, 0, 0.9],"0.5":[0, 0, 1.6],"0.6":[0.4, -0.7, 1.2],"0.7":[0.8, -0.9, 1.6],"0.9":[0.8, -0.9, 1.6],"1.1":[-0.2, -0.8, 0],"1.3":[-0.2, -0.95, 0],"1.5":[-0.4, -0.9, 0],"1.7":[-0.4, -0.9, -1],"1.9":[-1.45, -1.96, -3],"2.2":[-2.75, -2.7, -15],"2.4":[-2.75, -2.7, -16],"2.6":[-2.75, -2.7, -15],"2.7":[-3.65, -2.5, -15.7],"2.9":[-2.75, -2.7, -15],"3.0":[-2.75, -2.7, -15],"3.2":[1.1, -1.9, -4],"3.3":[0.93, -1.9, -2.07],"3.5":[0.6, -1.9, -1.2],"3.7":[0.5, -1.9, -1],"4.0":[0, -0.6, -5],"4.1":[0, 0, 0],"4.2":[0, 0, 0]}},"lefthand":{"rotation":{"0.0":[0, 0, 0],"0.1":[-9.25998, 6.93404, -11.60573],"0.3":[-14.99619, 19.72388, -12.76921],"0.5":[-13.10446, 25.07333, -6.71191],"0.6":[-13.10446, 25.07333, -6.71191],"0.8":[-23.09531, 28.57045, -24.7054],"0.9":[-23.09531, 28.57045, -24.7054],"1.2":[-7.3095, -29.79523, -13.97971],"2.2":[-7.3095, -29.79523, -13.97971],"2.4":[3.80884, -18.42168, 0.03115],"2.5":[6.68069, -15.37349, 11.51417],"2.6":[7.64761, -13.97392, 17.23415],"2.7":[8.03519, -8.25903, 19.1031],"3.0":[8.03519, -8.25903, 19.1031],"3.2":[-3.17268, 17.17536, 8.90016],"3.3":[-23.09531, 28.57045, -24.7054],"3.4":[-23.09531, 28.57045, -24.7054],"3.5":[-23.09531, 28.57045, -24.7054],"3.6":[4.65397, 24.5264, 11.12599],"3.7":[1.95281, 23.65663, 3.87854],"3.9":[-7.59451, 13.21633, -12.73301],"4.1":[0, 0, 0]},"position":{"0.0":[0, 0, 0],"0.1":[4.1, -1.17, -0.2],"0.3":[4.1, -5.5, -1.2],"0.5":[4.1, -7.3, 3.9],"0.6":[3.9, -8.1, 7.9],"0.8":[9.2, -4.8, 8.4],"0.9":[9.2, -4.8, 8.4],"1.2":[9.2, -15.3, 52],"2.2":[9.2, -15.3, 69],"2.4":[-2.5, -10.8, 46.4],"2.5":[-2.7, -11.8, 43],"2.6":[-1.7, -10.8, 42.5],"2.7":[-1.7, -7.7, 40.9],"3.0":[-1.7, -7.7, 40.9],"3.2":[5.63, -5.53, 15.2],"3.3":[9.2, -2.8, 8],"3.4":[9.2, -2.8, 8],"3.5":[9.2, -2.8, 8],"3.6":[7.6, -6.8, 9.2],"3.7":[8, -7.5, 8.3],"3.9":[6.33, -5, 5.53],"4.1":[0, 0, 0]}},"righthand":{"rotation":{"0.0":[0, 0, 0],"1.8":[0, 0, 0],"2.3":[0, -10, 0],"3.0":[0, -10, 0],"3.3":[0, 0, 0]},"position":{"0.0":[0, 0, 0],"1.8":[0, 0, 0],"2.3":[-6, 0, 0],"3.0":[-6, 0, 0],"3.3":[0, 0, 0]}},"magazine":{"rotation":{"0.0":[20, 0, 0],"1.2":[20, 0, 0],"2.2":[20, 0, 0],"2.4":[19.29574, 6.2002, -12.06819],"2.5":[7.77204, 1.57963, -7.62845],"2.6":[1.77204, 1.57963, -7.62845],"2.7":[0, 0, 0]},"position":{"0.0":[22, -17, 31],"1.2":[22, -17, 31],"2.2":[22, -17, 31],"2.4":[1, -23.3, 3.2],"2.5":[-0.3, -14.6, 0.4],"2.6":[-0.3, -8.4, 0.4],"2.7":[0, 0, 0]}}}},"animation.f2000.unload":{"loop":true,"animation_length":3.8,"bones":{"main":{"rotation":{"0.0":[0, 0, 0],"0.3":[-5.46889, -8.31522, -28.50804],"0.4":[-6.03658, -7.91412, -24.48793],"0.6":[-7.34255, -9.40108, -29.38512],"0.7":[-10.68839, -7.83262, -20.42117],"0.9":[-4.09679, -7.57086, -24.57323],"1.2":[0, 0, -3],"1.4":[4.46343, -2.25243, -0.19258],"1.6":[4.3992, -1.03421, -3.10825],"1.8":[4.11965, -1.17621, -0.80473],"2.2":[0, 0, 3],"2.5":[2.00122, -1.99878, -6.06983],"2.6":[0.89452, -2.13565, -3.07049],"2.7":[-0.99878, -1.99878, -6.06983],"2.9":[0.71321, -2.11866, 1.93445],"3.0":[0.78674, -2.09248, -0.06673],"3.2":[-0.33915, -0.32741, 3.00582],"3.4":[0, 0, 0]},"position":{"0.0":[0, 0, 0],"0.2":[0.1, -2.7, -2],"0.3":[0.1, -2.7, -2],"0.5":[0.5, -3.4, -2],"0.7":[0.5, -4.5, -2],"0.8":[0.85, -5, -2],"0.9":[0.4, -4.5, -2],"1.1":[-0.2, -0.8, 0],"1.3":[-0.2, -0.95, 0],"1.5":[-0.4, -0.9, 0],"1.9":[-1.45, -1.96, -1],"2.1":[-0.5, -0.3, 0],"2.4":[-0.3, 0, 0.13],"2.5":[0, 0, 1.4],"2.7":[0, 0, 3.1],"2.8":[0, 0, 1.6],"3.1":[0, 0, 0],"3.4":[0, 0, 0]}},"action":{"position":{"0.0":[0, 0, 0],"2.4":[0, 0, 0],"2.6":[0, 0, 9],"2.7":[0, 0, 9],"2.8":[0, 0, 0]}},"lefthand":{"rotation":{"0.0":[0, 0, 0],"0.3":[10.883, 3.70907, 1.73875],"0.5":[10.883, 3.70907, 1.73875],"0.6":[16.43858, -8.76323, 16.24772],"0.8":[14.13446, -36.04773, 10.69487],"2.1":[14.13446, -36.04773, 10.69487],"2.4":[-14.99619, 19.72388, -12.76921],"2.6":[-13.10446, 25.07333, -6.71191],"2.7":[-13.10446, 25.07333, -6.71191],"2.8":[-17.80609, 41.94158, -11.94143],"2.9":[-11.96976, 37.10011, -5.56664],"3.1":[-9.44282, 9.82983, -4.79884],"3.3":[0, 0, 0]},"position":{"0.0":[0, 0, 0],"0.3":[5.1, -7.2, 39.8],"0.5":[5.1, -7.2, 39.8],"0.6":[5.1, -7.2, 39.8],"0.8":[5.1, -7.2, 39.8],"2.1":[0.2, -17.2, 22.2],"2.4":[6, -3.5, -0.2],"2.6":[6, -5.9, 5.9],"2.7":[6, -5.9, 5.9],"2.8":[8.3, -8.3, 15.3],"2.9":[8.3, -8.3, 13.5],"3.1":[8.52, -6.22, 4.88],"3.3":[0, 0, 0]}},"magazine":{"rotation":{"0.0":[0, 0, 0],"0.5":[0, 0, 0],"0.6":[0, 0, 0],"0.8":[23.78748, 2.84518, -8.54196]},"position":{"0.0":[0, 0, 0],"0.5":[0, 0, 0],"0.6":[0, -5.4, -1],"0.8":[3.2, -26.7, 4.7]}}}},"animation.f2000.reloadempty":{"loop":true,