{"format_version":"1.8.0","animations":{"animation.famas.draw":{"loop":true,"animation_length":1.5,"bones":{"main":{"rotation":{"0.0":[0.43568, -42.55892, 23.49116],"0.4":[-0.20904, -5.97811, 7.02],"0.5":[-0.04065, -0.16443, 7.66646],"0.8":[0, 0, 0]},"position":{"0.0":[1.6, -17, 4.8],"0.3":[0, -1.4, -4.3],"0.5":[0, -0.28, -4.86],"0.7":[0, 0, 0]}},"lefthand":{"rotation":{"0.0":[0, 0, 0],"0.7":[0, 0, 0]},"position":{"0.0":[0, 0, 0],"0.7":[0, 0, 0]}}}},"animation.famas.inspect":{"loop":true,"animation_length":4.2,"bones":{"main":{"rotation":{"0.0":[0, 0, 5],"0.3":[-18.21404, -24.78191, -36.44431],"0.4":[-17.77181, -25.09082, -37.49318],"0.6":[-18.72587, -24.4063, -35.2124],"0.7":[-18.18829, -24.79718, -36.50267],"0.9":[-18.99223, -23.51073, -34.48085],"1.1":[-18.50456, -24.02258, -35.70051],"1.3":[-19.6747, -22.19801, -32.90885],"1.4":[-18.94944, -22.34409, -34.68824],"1.5":[-18.07339, -23.83163, -36.786],"1.9":[-27.05025, -2.11566, 76.63715],"2.0":[-27.10188, -1.20524, 78.41869],"2.2":[-27.03692, -2.26706, 76.33991],"2.3":[-27.07196, -1.75154, 77.34981],"2.5":[-26.97862, -4.08636, 74.97046],"2.6":[-26.98885, -3.80483, 75.20856],"2.8":[-25.89581, -3.10612, 73.74349],"3.0":[-26.31909, -3.94486, 72.49875],"3.2":[-26.79708, -4.38082, 72.17221],"3.4":[-14.14473, -2.93676, 56.83879],"3.6":[0, 0, 0]},"position":{"0.0":[0, 0, 0],"0.2":[-4.4, -6.4, -10.8],"0.4":[-4.7, -5.5, -10.8],"0.8":[-4.33, -5.5, -10.8],"1.2":[-5.27, -5.8, -10.8],"1.5":[-4.4, -5.5, -10.8],"1.7":[-3, -10.8, -7.3],"2.0":[-2.8, -8.3, -7.3],"2.2":[-3.13, -8.3, -7.3],"3.2":[-3, -8.3, -7.3],"3.3":[-1.5, -9.05, -9.85],"3.4":[-1, -6.03, -9.67],"3.6":[0, 0, 0]}},"lefthand":{"rotation":{"0.0":[0, 0, 0],"0.1":[9.39507, -14.85954, -2.14092],"0.3":[11.42766, -23.62372, 23.50144],"1.5":[11.42766, -23.62372, 23.50144],"1.8":[9.94274, 12.66135, -36.31774],"3.2":[9.94274, 12.66135, -36.31774],"3.6":[0, 0, 0]},"position":{"0.0":[0, 0, 0],"0.1":[4.7, -4.4, 4.9],"0.3":[7.6, -5.4, 49.5],"1.5":[7.6, -5.4, 49.5],"1.8":[13, 16, -0.8],"3.2":[13, 16, -0.8],"3.6":[0, 0, 0]}}},"sound_effects":{"0.0":{"effect":"gun_unrest"},"1.5":{"effect":"gun_foley2"},"3.2":{"effect":"gun_rest"}}},"animation.famas.reload":{"loop":true,"animation_length":3.7,"bones":{"main":{"rotation":{"0.0":[0, 0, 0],"0.3":[-7.3451, -7.1917, -23.79946],"0.5":[-6.95954, -7.56531, -26.80097],"0.7":[-7.77966, -7.78812, -20.66733],"0.9":[-11.74947, -7.69035, -27.85456],"1.0":[-8.586, -5.46901, -21.09684],"1.2":[-8.87295, -6.00203, -17.96425],"1.4":[-6.51953, -3.47597, -21.2899],"1.5":[-6.63624, -3.24684, -19.29964],"1.7":[-6.51953, -3.47597, -21.2899],"1.9":[-5.68985, -3.07887, -18.31142],"2.2":[-6.95954, -7.56531, -26.80097],"2.3":[-7.29803, -6.08328, -22.92785],"2.4":[-9.95464, -5.46817, -26.07917],"2.5":[-9.47197, -4.50664, -20.13411],"2.6":[-8.95464, -5.46817, -26.07917],"2.8":[-7.16482, -4.11189, -23.2496],"3.0":[-3.95155, -1.42055, -12.06331],"3.3":[0, 0, 5],"3.5":[0, 0, 0]},"position":{"0.0":[0, 0, 0],"0.2":[-2.8, -0.8, -20.3],"0.5":[-3.8, -1.5, -27.4],"0.6":[-3.3, -1.5, -26.2],"0.7":[-3.3, -2, -26.6],"0.8":[-3.8, -2, -25.2],"1.1":[-2.9, -4.1, -25.9],"1.3":[-3, -5.1, -25.2],"1.6":[-4.3, -5.1, -25.2],"1.8":[-5, -4.4, -25.2],"2.1":[-3.8, -1.5, -27.4],"2.3":[-3.8, -1.5, -27.4],"2.4":[-3.8, 1.4, -26.9],"2.7":[-3.8, -1.6, -29.6],"3.0":[-0.6, 0, -27.1],"3.2":[0, 0, -2.4],"3.4":[0, 0, 0]}},"magazine":{"rotation":{"0.0":[0, 0, 0],"0.5":[0, 0, 0],"0.7":[4, 0, 0],"0.9":[19, 0, 0],"1.9":[19, 0, 0],"2.2":[14.0082, 1.94057, 0.48403],"2.3":[12, 0, 0],"2.4":[0, 0, 0]},"position":{"0.0":[0, 0, 0],"0.5":[0, 0, 0],"0.7":[0, -3.2, 2],"0.9":[0, -22.9, 17.2],"1.9":[0, -22.9, 17.2],"2.2":[-1.4, -10.4, 6.9],"2.3":[0, -9.8, 5.7],"2.4":[0, 0, 0]}},"lefthand":{"rotation":{"0.0":[0, 0, 0],"0.3":[-7.96166, 1.9105, -10.35143],"0.4":[14.19721, 1.83435, 12.3778],"0.5":[13.87809, 3.64688, 7.17281],"0.6":[13.87809, 3.64688, 7.17281],"0.7":[12.72945, -2.8673, 4.3636],"0.9":[9.53815, -32.78441, 11.53852],"1.9":[9.53815, -32.78441, 11.53852],"2.2":[14.3484, -28.80234, 15.59889],"2.3":[13.3484, -28.80234, 15.59889],"2.4":[13.27755, -21.35802, 18.53133],"2.7":[13.27755, -21.35802, 18.53133],"3.0":[3.1702, -13.42647, 8.37869],"3.2":[0, 0, 0]},"position":{"0.0":[0, 0, 0],"0.2":[6.03, -7.3, 24.6],"0.4":[3.8, -8.1, 42],"0.5":[5, -8.1, 42],"0.6":[5, -8.1, 42],"0.7":[3.3, -5.5, 45],"0.9":[-5.2, -2.1, 57.5],"1.9":[-5.2, -2.1, 57.5],"2.2":[-2.6, 3.8, 49.2],"2.3":[-3.2, 3.4, 49.2],"2.4":[-2.3, -0.2, 46.2],"2.7":[-2.3, -0.2, 46.2],"3.0":[3.07, -0.13, 24.5],"3.2":[0, 0, 0]}},"righthand":{"rotation":{"0.0":[0, 0, 0],"0.2":[-5.03181, -9.52332, 7.27112],"2.9":[-5.03181, -9.52332, 7.27112],"3.2":[0, 0, 0]},"position":{"0.0":[0, 0, 0],"0.2":[-5.1, -0.4, -1],"2.9":[-5.1, -0.4, -1],"3.2":[0, 0, 0]}}},"sound_effects":{"0.0":{"effect":"gun_unrest"},"0.7":{"effect":"akmag_unload"},"0.9":{"effect":"gun_foley"},"2.1":{"effect":"mag_insert"},"2.8":{"effect":"gun_rest"}}},"animation.famas.reloadempty":{"loop":true,"animation_length":5,"bones":{"main":{"rotation":{"0.0":[0, 0, 0],"0.3":[-7.3451, -7.1917, -23.79946],"0.5":[-6.95954, -7.56531, -26.80097],"0.7":[-7.77966, -7.78812, -20.66733],"0.9":[-11.74947, -7.69035, -27.85456],"1.0":[-8.586, -5.46901, -21.09684],"1.2":[-8.87295, -6.00203, -17.96425],"1.4":[-6.51953, -3.47597, -21.2899],"1.5":[-6.63624, -3.24684, -19.29964],"1.7":[-6.51953, -3.47597, -21.2899],"1.9":[-5.68985, -3.07887, -18.31142],"2.2":[-6.95954, -7.56531, -26.80097],"2.3":[-7.29803, -6.08328, -22.92785],"2.4":[-9.95464, -5.46817, -26.07917],"2.5":[-9.47197, -4.50664, -20.13411],"2.6":[-8.95464, -5.46817, -26.07917],"2.8":[-7.16482, -4.11189, -23.2496],"3.2":[4.99349, 6.07619, 38.91797],"3.3":[4.77835, 6.24655, 36.91366],"3.5":[4.15986, 4.93793, 40.83318],"3.6":[1.89585, 5.11384, 37.82719],"3.7":[2.07352, 5.04457, 39.83387],"3.9":[3.46523, 4.57348, 31.75729],"4.0":[3.22101, 4.74847, 28.75246],"4.3":[-1.44704, -0.91075, 11.93639],"4.5":[0, 0, -4],"4.7":[0, 0, 0]},"position":{"0.0":[0, 0, 0],"0.2":[-2.8, -0.8, -20.3],"0.5":[-3.8, -1.5, -27.4],"0.6":[-3.3, -1.5, -26.2],"0.7":[-3.3, -2, -26.6],"0.8":[-3.8, -2, -25.2],"1.1":[-2.9, -4.1, -25.9],"1.3":[-3, -5.1, -25.2],"1.6":[-4.3, -5.1, -25.2],"1.8":[-5, -4.4, -25.2],"2.1":[-3.8, -1.5, -27.4],"2.3":[-3.8, -1.5, -27.4],"2.4":[-3.8, 1.4, -26.9],"2.7":[-3.8, -2.7, -29.6],"3.0":[-3.8, -2.7, -20.26],"3.2":[-3.8, -2.7, -4.5],"3.4":[-3.3, -2.7, -4.5],"3.5":[-3.3, -2.7, -3.7],"3.6":[-3.3, -2.7, -1.5],"3.7":[-3.3, -2.7, -1.5],"3.8":[-3.3, -2.7, -5],"3.9":[-2, -2.2, -0.2],"4.1":[-1.4, -1.35, -0.85],"4.2":[-1, -1.22, -7.18],"4.3":[-0.6, -1.1, -13.5],"4.4":[0, 0, -2.4],"4.6":[0, 0, 0]}},"magazine":{"rotation":{"0.0":[0, 0, 0],"0.5":[0, 0, 0],"0.7":[4, 0, 0],"0.9":[19, 0, 0],"1.9":[19, 0, 0],"2.2":[14.0082, 1.94057, 0.48403],"2.3":[12, 0, 0],"2.4":[0, 0, 0]},"position":{"0.0":[0, 0, 0],"0.5":[0, 0, 0],"0.7":[0, -3.2, 2],"0.9":[0, -22.9, 17.2],"1.9":[0, -22.9, 17.2],"2.2":[-1.4, -10.4, 6.9],"2.3":[0, -9.8, 5.7],"2.4":[0, 0, 0]}},"lefthand":{"rotation":{"0.0":[0, 0, 0],"0.3":[-7.96166, 1.9105, -10.35143],"0.4":[14.19721, 1.83435, 12.3778],"0.5":[13.87809, 3.64688, 7.17281],"0.6":[13.87809, 3.64688, 7.17281],"0.7":[12.72945, -2.8673, 4.3636],"0.9":[9.53815, -32.78441, 11.53852],"1.9":[9.53815, -32.78441, 11.53852],"2.2":[14.3484, -28.80234, 15.59889],"2.3":[13.3484, -28.80234, 15.59889],"2.4":[13.27755, -21.35802, 18.53133],"2.7":[13.27755, -21.35802, 18.53133],"3.0":[-5.02776, -9.65439, 3.85215],"3.3":[23.65911, -3.50595, 39.47411],"3.4":[23.65911, -3.50595, 39.47411],"3.5":[26.65911, -3.50595, 39.47411],"3.6":[38.86124, -6.98984, 38.6298],"3.7":[38.86124, -6.98984, 38.6298],"3.8":[49.96819, -14.59485, 43.57172],"3.9":[56.96819, -14.59485, 43.57172],"4.1":[56.96819, -14.59485, 43.57172],"4.4":[0, 0, 0]},"position":{"0.0":[0, 0, 0],"0.2":[6.03, -7.3, 24.6],"0.4":[3.8, -8.1, 42],"0.5":[5, -8.1, 42],"0.6":[5, -8.1, 42],"0.7":[3.3, -5.5, 45],"0.9":[-5.2, -2.1, 57.5],"1.9":[-5.2, -2.1, 57.5],"2.2":[-2.6, 3.8, 49.2],"2.3":[-3.2, 3.4, 49.2],"2.4":[-2.3, -0.2, 46.2],