{"format_version":"1.8.0","animations":{"animation.taurus.draw":{"loop":true,"animation_length":1.9,"bones":{"gun":{"rotation":[0, 0, 0],"position":[0, 0, 0]},"main":{"rotation":{"0.0":[24.21741, -53.43728, 4.16339],"0.3":[9.44732, -18.61935, 11.14991],"0.4":[5.36784, -10.82979, 13.70277],"0.5":[6.70669, -8.99075, 5.73378],"0.6":[5.48193, -8.62804, 13.31945],"0.8":[2.02353, -2.74156, 0.43727],"1.1":[0, 0, 0]},"position":{"0.0":[0, -11.9, 11.5],"0.3":[0, -5.95, -0.45],"0.4":[0, -2.97, -6.83],"0.5":[0.75, -3.07, -5.98],"0.6":[-1.6, -2.97, -5.13],"0.8":[-0.53, -1.99, 1.04],"1.0":[0, 0, 0]}},"righthand":{"rotation":{"0.0":[0, 0, 0],"0.4":[-17.1662, -5.28454, 0.92738],"0.6":[-21.15031, 14.36128, 35.01212],"0.9":[0, 0, 0]},"position":{"0.0":[0, 0, 0],"0.4":[-2.12529, -2.9684, -7.48651],"0.6":[-0.93332, -5.12175, -5.84383],"0.9":[0, 0, 0]}},"lefthand":{"rotation":{"0.0":[0, 0, 0],"0.2":[0, 0, 0],"0.5":[1.50508, 3.91063, 0.98845],"0.7":[0, 0, 0]},"position":{"0.0":[0, 0, 0],"0.2":[0, 0, 0],"0.5":[0.8, -1.8, -0.9],"0.7":[0, 0, 0]}},"loader":{"rotation":[0, 0, 0],"position":[0, 0, 0]}}},"animation.taurus.inspect":{"loop":true,"animation_length":4,"bones":{"main":{"rotation":{"0.0":[0, 0, 5],"0.3":[-18.21404, -24.78191, -36.44431],"0.4":[-17.77181, -25.09082, -37.49318],"0.6":[-18.72587, -24.4063, -35.2124],"0.7":[-18.18829, -24.79718, -36.50267],"0.9":[-18.99223, -23.51073, -34.48085],"1.1":[-18.50456, -24.02258, -35.70051],"1.3":[-19.6747, -22.19801, -32.90885],"1.4":[-18.94944, -22.34409, -34.68824],"1.5":[-18.07339, -23.83163, -36.786],"1.9":[-27.05025, -2.11566, 76.63715],"2.0":[-27.10188, -1.20524, 78.41869],"2.2":[-27.03692, -2.26706, 76.33991],"2.3":[-27.07196, -1.75154, 77.34981],"2.5":[-26.97862, -4.08636, 74.97046],"2.6":[-26.98885, -3.80483, 75.20856],"2.8":[-25.89581, -3.10612, 73.74349],"3.0":[-26.31909, -3.94486, 72.49875],"3.2":[-26.79708, -4.38082, 72.17221],"3.4":[-14.14473, -2.93676, 56.83879],"3.6":[0, 0, 0]},"position":{"0.0":[0, 0, 0],"0.2":[-4.4, -6.4, -10.8],"0.4":[-4.7, -5.5, -10.8],"0.8":[-4.33, -5.5, -10.8],"1.2":[-5.27, -5.8, -10.8],"1.5":[-4.4, -5.5, -10.8],"1.7":[-3, -10.8, -7.3],"2.0":[-2.8, -8.3, -7.3],"2.2":[-3.13, -8.3, -7.3],"3.2":[-3, -8.3, -7.3],"3.3":[-1.5, -9.05, -9.85],"3.4":[-1, -6.03, -9.67],"3.6":[0, 0, 0]}},"lefthand":{"rotation":{"0.0":[0, 0, 0],"0.1":[9.39507, -14.85954, -2.14092],"0.3":[11.42766, -23.62372, 23.50144],"1.5":[11.42766, -23.62372, 23.50144],"1.8":[9.94274, 12.66135, -36.31774],"3.2":[9.94274, 12.66135, -36.31774],"3.6":[0, 0, 0]},"position":{"0.0":[0, 0, 0],"0.1":[4.7, -4.4, 4.9],"0.3":[7.6, -5.4, 49.5],"1.5":[7.6, -5.4, 49.5],"1.8":[13, 16, -0.8],"3.2":[13, 16, -0.8],"3.6":[0, 0, 0]}}},"sound_effects":{"0.0":{"effect":"gun_unrest"},"1.5":{"effect":"gun_foley2"},"3.2":{"effect":"gun_rest"}}},"animation.taurus.reload":{"loop":true,"animation_length":4.5,"bones":{"main":{"rotation":{"0.0":[0, 0, 0],"0.2":[-4, 0, -10],"0.3":[-3.98483, -0.34834, -14.98788],"0.4":[-3.99939, 0.06975, -9.00244],"0.5":[-3.99454, -0.20917, -12.99271],"0.7":[-9.93781, 0.52257, -4.0387],"0.9":[-15.29338, -0.51323, -3.62657],"1.1":[-47.64701, 0.5618, 4.50217],"1.2":[-60.64701, 0.5618, 4.50217],"1.3":[-66.63008, -2.19237, 3.31257],"1.4":[-66.63008, -2.19237, 3.31257],"1.6":[-63.85055, -2.88102, 3.01384],"1.8":[-63.6244, 2.35381, 5.39058],"2.2":[-3.99454, -0.20917, -12.99271],"2.4":[-3.05035, -0.85668, -7.93479],"2.5":[-3.05002, 0.1419, -7.988],"2.7":[-0.87888, 1.18608, -1.03802],"2.8":[-0.97891, 1.10497, -6.03837],"3.0":[0.43013, -0.17163, -2.39852],"3.2":[0.99204, -0.99104, 11.92097],"3.3":[-0.9277, 1.32374, -19.10309],"3.5":[-0.60611, 1.49849, -6.1003],"3.7":[0, 0, 0]},"position":{"0.0":[0, 0, 0],"0.2":[-1, 0, 2],"0.4":[-0.3, 0, 1.4],"0.6":[-0.9, 0, 0.7],"0.8":[-1, -4.45, 3.6],"1.0":[-3.1, -7.75, 3.5],"1.2":[-3.1, -9.7, 1.5],"1.3":[-3.1, -14, 1.5],"1.5":[-3.1, -15.2, 1.5],"1.7":[-3.1, -12, 0.8],"1.9":[-1.23, -8.2, 1.2],"2.1":[-0.3, 0, 1.4],"2.3":[-0.6, 0, 1.4],"2.4":[-0.6, 0, 0.9],"2.6":[-0.6, 0, 0.2],"2.7":[-0.6, 0, -1.1],"2.9":[-0.6, 0, -0.1],"3.1":[-0.4, 0, -0.1],"3.3":[-2.8, 0.4, -0.1],"3.5":[-2.4, -0.4, 1.3],"3.8":[0, 0, 0]}},"chamber":{"rotation":{"0.0":[0, 0, 0],"0.3":[0, 0, 0],"0.4":[0, 0, 32.5],"3.2":[0, 0, 32.5],"3.3":[0, 0, 0]},"position":{"0.0":[0, 0, 0],"0.3":[0, 0, 0],"0.4":[4.17553, -1.42754, 0.04815],"3.2":[4.17553, -1.42754, 0.04815],"3.3":[0, 0, 0]}},"bullets":{"rotation":{"0.0":[0, 0, 0],"0.3":[0, 0, 0],"0.4":[0, 0, 32.5],"0.8":[0, 0, 32.5],"1.8":[0, 0, 32.5],"2.0":[-22.24763, 8.3398, 29.10452],"2.3":[-7.01667, 16.64946, 25.56026],"2.5":[0, 0, 32.5],"2.7":[0, 0, 32.5],"3.2":[0, 0, 32.5],"3.3":[0, 0, 0]},"position":{"0.0":[0, 0, 0],"0.3":[0, 0, 0],"0.4":[4.17553, -1.42754, 0.04815],"0.8":[4.17553, -1.42754, 0.04815],"1.0":[4.18, -1.43, 1.05],"1.2":[4.18, -1.43, 3.05],"1.4":[3.93, -1.43, 28.05],"1.6":[3.93, -23.43, 64.05],"1.8":[36.34759, -12.64361, 29.95604],"2.0":[22.78184, -14.8488, 17.80099],"2.3":[5.22754, -2.62805, 5.18195],"2.5":[4.17553, -1.42754, 5.04815],"2.6":[4.18, -1.43, 4.05],"2.7":[4.17553, -1.42754, 0.04815],"3.2":[4.17553, -1.42754, 0.04815],"3.3":[0, 0, 0]}},"loader":{"rotation":{"0.0":[0, 0, 0],"1.6":[0, 0, 0],"2.0":[-22.24763, 8.3398, 29.10452],"2.3":[-7.01667, 16.64946, 25.56026],"2.5":[0, 0, 32.5],"2.7":[0, 0, 32.5],"2.9":[0, 0, 32.5],"3.1":[-3, 16, 32.5],"3.4":[-6.74779, 31.14035, 38.59745]},"position":{"0.0":[0, 0, 0],"1.6":[0, 0, 0],"1.8":[11.45, -2, 17.25],"2.0":[22.9, -4, -1.5],"2.3":[5.9, 8.6, -13.8],"2.5":[4.6, 10.4, -13.8],"2.6":[4.35, 10.4, -14.8],"2.7":[4.35, 10.4, -19.05],"2.9":[4.35, 10.4, -19.05],"3.1":[6.65, 8.1, -14.85],"3.4":[19.65, -15.9, 2.95]}},"lefthand":{"rotation":{"0.0":[0, 0, 0],"0.2":[-7.57503, 12.51711, -13.07871],"0.3":[-7.57503, 12.51711, -13.07871],"0.4":[-6.57503, 12.51711, -13.07871],"0.5":[-6.57503, 12.51711, -13.07871],"0.7":[-0.55593, 11.37065, -3.9205],"0.8":[-5.69532, 12.39814, -11.75217],"1.0":[-5.69532, 12.39814, -11.75217],"1.2":[-0.1409, -14.61903, -16.34032],"1.5":[10.47472, -28.37533, -16.51602],"2.3":[1.44706, 0.29226, -12.71248],"2.5":[-5.52603, 1.80142, -20.61766],"2.6":[-5.74181, -1.17406, -21.05712],"2.7":[-8.91624, -2.57495, -27.99275],"2.9":[-8.91624, -2.57495, -27.99275],"3.1":[-5.52999, 2.8975, -21.61025],"3.4":[-11.47934, 5.89652, -21.51846],"3.7":[0, 0, 0]},"position":{"0.0":[0, 0, 0],"0.2":[1.78633, 2.4441, -9.3891],"0.3":[1.78633, 2.4441, -9.3891],"0.4":[0.9, 2.6, -9.4],"0.5":[0.9, 2.6, -9.4],"0.7":[5.38143, 2.14053, -12.55051],"0.8":[6.0653, 0.4943, -12.40155],"1.0":[6.0653, 0.4943, -12.40155],"1.2":[12.14465, 9.61029, 2.33822],"1.5":[9.0525, 22.70601, 25.22716],"1.8":[30.15, 20.01, 28.13],"2.0":[19.55, 14.51, 19.03],"2.3":[7.55, 7.51, 1.93],"2.5":[4.65, 8.41, 1.93],"2.6":[3.35, 9.81, 1.23],"2.7":[2.65, 10.31, -1.67],"2.9":[2.65, 10.31, -1.67],"3.1":[7.65, 6.41, -0.27],"3.4":[18.85, -20.69, 15.83],"3.7":[0, 0, 0]}}}},"animation.taurus.load":{"loop":true,"animation_length":4.5,"bones":{"main":{"rotation":{"0.0":[0, 0, 0],"0.2":[-4, 0, -10],"0.3":[-3.98483, -0.34834, -14.98788],"0.4":[-3.99939, 0.06975, -9.00244],"0.5":[-3.99454, -0.20917, -12.99271],"0.7":[-9.93781, 0.52257, -4.0387],"0.9":[-15.29338, -0.51323, -3.62657],"1.1":[-47.64701, 0.5618, 4.50217],"1.2":[-60.64701, 0.5618, 4.50217],"1.3":[-66.63008, -2.19237, 3.31257],"1.4":[-66.63008, -2.19237, 3.31257],"1.6":[-63.85055, -2.88102, 3.01384],"1.8":[-63.6244, 2.35381, 5.39058],"2.2":[-3.99454, -0.20917, -12.99271],"2.4":[-3.05035, -0.85668, -7.93479],"2.5":[-3.05002, 0.1419, -7.988],"2.7":[-0.87888, 1.18608, -1.03802],"2.8":[-0.97891, 1.10497, -6.03837],"3.0":[0.43013, -0.17163, -2.39852],"3.2":[0.99204, -0.99104, 11.92097],"3.3":[-0.9277, 1.32374, -19.10309],"3.5":[-0.60611, 1.49849, -6.1003],"3.7":[0, 0, 0]},"position":{"0.0":[0, 0, 0],"0.2":[-1, 0, 2],"0.4":[-0.3, 0, 1.4],"0.6":[-0.9, 0, 0.7],"0.8":[-1, -4.45, 3.6],"1.0":[-3.1, -7.75, 3.5],"1.2":[-3.1, -9.7, 1.5],"1.3":[-3.1, -14, 1.5],"1.5":[-3.1, -15.2, 1.5],"1.7":[-3.1, -12, 0.8],"1.9":[-1.23, -8.2, 1.2],