{"format_version":"1.8.0","animations":{"animation.gun.walkforward":{"loop":true,"animation_length":1,"bones":{"main":{"rotation":{"0.0":[7.07675, -0.80662, 8.38904],"0.2":[6.88089, 0.48808, 10.0592],"0.5":[7.73058, 2.39826, 7.80678],"0.8":[6.83048, 0.96574, 6.08749],"1.0":[7.07675, -0.80662, 8.38904]},"position":{"0.0":[0.6, -2.4, 0],"0.1":[0.63, -2.63, 0],"0.3":[0.11, -3.58, -1.1],"0.5":[-0.2, -2.6, -2],"0.6":[-0.2, -2.9, -2],"0.8":[0.09, -3.43, -0.96],"1.0":[0.6, -2.4, 0]}}}},"animation.gun.walk":{"loop":true,"animation_length":1,"bones":{"main":{"rotation":{"0.0":[0, 0, 4],"0.3":[-0.06976, -0.99756, 8.20061],"0.5":[0, -1, 4],"0.8":[-0.06976, -0.99756, 6.50061],"1.0":[0, 0, 4]},"position":{"0.0":[-0.3, 0, 0],"0.2":[0, 0.3, -0.5],"0.5":[0.7, 0, 0.2],"0.7":[0, 0.3, -0.5],"1.0":[-0.3, 0, 0]}}}},"animation.gun.running":{"loop":true,"animation_length":0.8,"bones":{"main":{"rotation":{"0.0":[0.57778, -42.30451, 24.56519],"0.3":[8.57767, -38.47057, 13.12171],"0.5":[2.76291, -41.71596, 21.23824],"0.8":[0.57778, -42.30451, 24.56519]},"position":{"0.0":[0.6, -3.9, -3.2],"0.2":[-1.3, -5.9, -3.2],"0.4":[-3.8, -4.2, -3.2],"0.6":[-2.5, -5.6, -3.2],"0.8":[0.6, -3.9, -3.2]}}}}}}