{"format_version":"1.8.0","animations":{"animation.KrissVector.draw":{"loop":true,"animation_length":1.5,"bones":{"main":{"rotation":{"0.0":[0.43568, -42.55892, 23.49116],"0.2":[-2.78188, -21.24225, 22.08987],"0.4":[-0.20904, -5.97811, 7.02],"0.5":[0.3137, -3.97809, 1.49546],"0.6":[-0.13957, -1.99513, 12.00243],"0.8":[-0.04065, -0.16443, 7.66646],"1.1":[0, 0, 0]},"position":{"0.0":[1.6, -17, 4.8],"0.2":[-0.23, -7.53, 3.2],"0.4":[0, -1.4, -4.3],"0.6":[0, 0, 2.3],"0.7":[0, 0, -1.15],"0.9":[0, 0, 0]}},"lefthand":{"rotation":{"0.0":[0, 0, 0],"0.2":[-20.30238, 13.09227, -36.75725],"0.4":[12.76058, 22.85677, 11.08488],"0.5":[6.74275, 30.44866, 4.24632],"0.6":[6.74275, 30.44866, 4.24632],"0.7":[11.76968, 38.07, 9.83114],"0.8":[-13.34458, 46.4219, -15.90504],"1.0":[4.002, 20.80165, 4.22862],"1.1":[0, 0, 0]},"position":{"0.0":[0, 0, 0],"0.2":[7.4, 0.4, -16.6],"0.4":[8.7, -3.4, -19.4],"0.5":[9.5, -4.6, -16.9],"0.6":[9.5, -4.6, -16.9],"0.7":[9.5, -7.6, -11.2],"0.8":[11.3, -9.7, -8.5],"1.0":[8.47, -10.67, -8.68],"1.1":[0, 0, 0]}}}},"animation.KrissVector.reload":{"loop":true,"animation_length":3.6,"bones":{"main":{"rotation":{"0.0":[0, 0, 0],"0.2":[-5.74983, -7.24769, -27.83492],"0.3":[-6.3593, -6.71997, -22.82564],"0.5":[-5.49322, -7.44362, -29.84177],"0.7":[-4.29417, -9.69006, -44.8633],"0.8":[-3.77738, -9.90125, -47.90014],"1.0":[-7.98001, -11.74687, -36.3994],"1.1":[-7.1361, -12.27322, -40.45341],"1.4":[-8.97585, -11.00924, -31.35487],"1.6":[-7.55577, -6.48323, -22.5305],"1.8":[-3.78035, -6.35527, -20.52201],"2.0":[-4.24161, -6.04668, -16.20752],"2.3":[-3.61422, -12.24762, -35.97359],"2.5":[-4.17862, -12.36612, -38.01704],"2.6":[-4.60665, -13.02485, -45.16089],"2.7":[-6.39555, -12.25661, -36.99966],"2.9":[-8.37709, -9.85025, -26.01528],"3.1":[0, 0, 6],"3.3":[0, 0, 0]},"position":{"0.0":[0, 0, 0],"0.1":[-1.9, -2.8, -2.7],"0.3":[-1.5, -3.3, -2.7],"0.4":[-1.8, -3.3, -2.7],"0.6":[-2.9, -2.9, -2.7],"0.9":[-2.9, -3.9, -2.7],"1.1":[-2.9, -3.9, -2.7],"1.3":[-2.1, -4.7, -2.7],"1.5":[-2.9, -4.7, -2.7],"1.7":[-2.2, -4.7, -2.7],"1.9":[-1.1, -4.7, -2.7],"2.1":[-2.4, -3.4, -2.7],"2.3":[-2.4, -3.4, -2.7],"2.4":[-2.6, -3.4, -2.7],"2.6":[-3.3, -2.2, -2.7],"2.8":[-2.8, -2.2, -2.7],"3.1":[0, 0, -3.4],"3.2":[0, 0, 0]}},"magazine":{"rotation":{"0.0":[0, 0, 0],"0.8":[0, 0, 0],"1.0":[0, 0, 0],"1.2":[19.59657, 4.07774, -11.29549],"1.9":[19.59657, 4.07774, -11.29549],"2.3":[-11, 0, 0],"2.4":[-11.0262, -3.92639, 0.76443],"2.5":[-8.0262, -3.92639, 0.76443],"2.6":[0, 0, 0]},"position":{"0.0":[0, 0, 0],"0.8":[0, 0, 0],"1.0":[0, -14, 4.2],"1.2":[0, -28.3, 36],"1.9":[0, -28.3, 36],"2.3":[0, -13.7, -0.6],"2.4":[0.3, -13, 2.2],"2.5":[-0.1, -7.5, 2.2],"2.6":[0, 0, 0]}},"lefthand":{"rotation":{"0.0":[0, 0, 0],"0.2":[1.2312, 5.22406, -1.41001],"0.3":[1.2312, 5.22406, -1.41001],"0.4":[1.7565, 6.27628, -7.40665],"0.5":[2.98381, -3.94831, -6.8214],"0.7":[14.82959, -16.13316, 13.81574],"0.8":[14.82959, -16.13316, 13.81574],"1.0":[13.50026, -39.61653, 10.38771],"1.2":[19.54515, -67.83504, -3.91318],"1.9":[19.54515, -67.83504, -3.91318],"2.3":[0.38029, -55.06443, 44.01297],"2.4":[2.89045, -50.0587, 38.38589],"2.5":[2.51833, -44.17572, 39.62288],"2.6":[2.38431, -41.23174, 40.21536],"2.9":[2.38431, -41.23174, 40.21536],"3.2":[0, 0, 0]},"position":{"0.0":[0, 0, 0],"0.2":[2.3, -8.8, 0.7],"0.3":[2.3, -8.8, 1.7],"0.4":[4.4, -7.5, 1.7],"0.5":[7.73, -4.53, 10.23],"0.7":[0.9, -8.6, 11.3],"0.8":[0.9, -8.6, 11.3],"1.0":[-5.1, -10.7, 17.4],"1.2":[-13.5, -9.4, 44.2],"1.9":[-13.5, -9.4, 44.2],"2.3":[-8.5, -10.2, 15.4],"2.4":[-9.1, -11.5, 19],"2.5":[-9.2, -7.5, 20.4],"2.6":[-9.9, -1.6, 17.1],"2.9":[-9.9, -1.6, 17.1],"3.2":[0, 0, 0]}}},"sound_effects":{"0.0":{"effect":"gun_unrest"},"0.2":{"effect":"pistolmag_touchgun"},"0.7":{"effect":"gun_foley"},"0.8":{"effect":"pistolmag_unload"},"2.3":{"effect":"pistolmag_touchgun"},"2.5":{"effect":"pistolmag_insert"},"2.7":{"effect":"gun_rest"}}},"animation.KrissVector.reloadempty":{"loop":true,"animation_length":3.7,"bones":{"main":{"rotation":{"0.0":[0, 0, 0],"0.2":[-5.74983, -7.24769, -27.83492],"0.3":[-6.3593, -6.71997, -22.82564],"0.5":[-5.49322, -7.44362, -29.84177],"0.9":[-8.97585, -11.00924, -31.35487],"1.1":[-7.55577, -6.48323, -22.5305],"1.3":[-3.78035, -6.35527, -20.52201],"1.5":[-4.24161, -6.04668, -16.20752],"1.8":[-3.61422, -12.24762, -35.97359],"2.0":[-3.29361, -12.62688, -42.10543],"2.1":[-3.67277, -13.31374, -49.25825],"2.2":[-6.39555, -12.25661, -36.99966],"2.4":[-8.37709, -9.85025, -26.01528],"2.6":[0, 0, -8],"2.8":[0, -3, -15],"2.9":[1.15578, -3.44182, -17.00817],"3.0":[0.80531, -2.59651, -9.50635],"3.2":[0.81188, -1.62373, -15.00806],"3.4":[0, 0, -3],"3.6":[0, 0, 0]},"position":{"0.0":[0, 0, 0],"0.1":[-1.9, -2.8, -2.7],"0.3":[-1.5, -3.3, -2.7],"0.4":[-1.8, -3.3, -2.7],"0.6":[-2.4, -5.5, -2.7],"0.8":[-2.1, -4.7, -2.7],"1.0":[-2.9, -4.7, -2.7],"1.2":[-2.2, -4.7, -2.7],"1.4":[-1.1, -4.7, -2.7],"1.6":[-2.4, -3.4, -2.7],"1.8":[-2.4, -3.4, -2.7],"1.9":[-2.6, -3.4, -2.7],"2.1":[-3.3, -2.2, -2.7],"2.3":[-2.8, -2.2, -2.7],"2.5":[-0.7, 0, -3.4],"2.7":[-0.7, 0, -3.4],"2.8":[-0.7, 0, -3.4],"2.9":[-5.62, 0, -2.55],"3.1":[-3.82, -0.6, -0.95],"3.4":[0, 0, 3.3],"3.5":[0, 0, 0]}},"magazine":{"rotation":{"0.0":[0, 0, 0],"0.4":[0, 0, 0],"0.8":[0, 0, 0],"1.4":[19.59657, 4.07774, -11.29549],"1.8":[-11, 0, 0],"1.9":[-11.0262, -3.92639, 0.76443],"2.0":[-8.0262, -3.92639, 0.76443],"2.1":[0, 0, 0]},"position":{"0.0":[0, 0, 0],"0.4":[0, 0, 0],"0.8":[0, -48.9, 16.2],"1.4":[0, -28.3, 36],"1.8":[0, -13.7, -0.6],"1.9":[0.3, -13, 2.2],"2.0":[-0.1, -7.5, 2.2],"2.1":[0, 0, 0]}},"lefthand":{"rotation":{"0.0":[0, 0, 0],"0.2":[1.2312, 5.22406, -1.41001],"0.3":[1.2312, 5.22406, -1.41001],"0.4":[1.7565, 6.27628, -7.40665],"0.5":[2.98381, -3.94831, -6.8214],"0.9":[19.54515, -67.83504, -3.91318],"1.0":[19.54515, -67.83504, -3.91318],"1.4":[19.54515, -67.83504, -3.91318],"1.8":[0.38029, -55.06443, 44.01297],"1.9":[2.89045, -50.0587, 38.38589],"2.0":[2.51833, -44.17572, 39.62288],"2.1":[2.38431, -41.23174, 40.21536],"2.4":[2.38431, -41.23174, 40.21536],"2.7":[-8.30567, 34.29395, 20.96899],"2.8":[-15.7336, 34.12578, 22.82454],"2.9":[7.2664, 34.12578, 22.82454],"3.1":[7.2664, 34.12578, 22.82454],"3.4":[0, 0, 0]},"position":{"0.0":[0, 0, 0],"0.2":[2.3, -8.8, 0.7],"0.3":[2.3, -8.8, 1.7],"0.4":[4.4, -7.5, 1.7],"0.5":[7.73, -4.53, 10.23],"0.9":[-13.5, -9.4, 44.2],"1.0":[-13.5, -9.4, 44.2],"1.4":[-13.5, -9.4, 44.2],"1.8":[-8.5, -10.2, 15.4],"1.9":[-9.1, -11.5, 19],"2.0":[-9.2, -7.5, 20.4],"2.1":[-9.9, -1.6, 17.1],"2.4":[-9.9, -1.6, 17.1],"2.7":[10, -13.7, -9.5],"2.8":[6.8, -15, -10.5],"2.9":[2.1, -12.8, -8.9],"3.1":[2.1, -12.8, -8.9],"3.4":[0, 0, 0]}}},"sound_effects":{"0.0":{"effect":"gun_unrest"},"0.1":{"effect":"pistolmag_unload"},"0.5":{"effect":"gun_foley"},"1.8":{"effect":"pistolmag_touchgun"},"2.0":{"effect":"pistolmag_insert"},"2.8":{"effect":"bolt_press"},"3.2":{"effect":"gun_rest"}}},"animation.KrissVector.reloadtactical":{"loop":true,"animation_length":3.8,"bones":{"main":{"rotation":{"0.0":[0, 0, 0],"0.3":[-6.96401, -7.11548, -27.52555],"0.5":[-7.55577, -6.48323, -22.5305],"0.7":[-3.78035, -6.35527, -20.52201],"0.9":[-4.24161, -6.04668, -16.20752],"1.2":[-3.61422, -12.24762, -35.97359],"1.4":[-2.39099, -12.82531, -46.20116],"1.5":[-4.17862, -12.36612, -38.01704],"1.6":[-4.73469, -12.20459, -42.68473],"1.8":[-8.74716, -10.4832, -30.56557],"1.9":[-9.8842, -9.43923, -24.04999],"2.0":[-9.87391, -10.01275, -21.39618],"2.3":[-7.16906, -12.75382, -32.83434],"2.4":[-7.61336, -12.4965, -30.80181],"2.6":[-5.30227, -13.62427, -41.00275],"2.7":[-6.48492, -13.11052, -35.89061],"2.9":[-2.0506, -7.0182, -25.00528],"3.0":[-0.78545, -4.81045, -21.69305],"3.2":[0, 0, 6],"3.4":[0, 0, 0]},"position":{"0.0":[0, 0, 0],"0.2":[-2.05, -2.35, -1.35],"0.4":[-2.9, -4.7, -2.7],"0.6":[-2.2, -4.7, -2.7],"0.8":[-1.1, -4.7, -2.7],"1.0":[-2.4, -3.4, -2.7],"1.2":[-2.4, -5, 0.6],"1.3":[-2.6, -5.6, 0.6],"1.6":[-1.9, -5.6, -1],"1.7":[-1.77, -4.97, -1],"1.9":[-1.5, -3.7, -1],"2.1":[-1.83, -6.07, -1],"2.2":[-2, -6.5, -1],